easyexcel-2.2.11;com.alibaba.excel.context.WriteContextImpl.initSheet;IntensiveCoupling;method
easyexcel-2.2.11;com.alibaba.excel.context.WriteContextImpl.finish;IntensiveCoupling;method
easyexcel-2.2.11;com.alibaba.excel.metadata.AbstractHolder.AbstractHolder;IntensiveCoupling;method
easyexcel-2.2.11;com.alibaba.excel.read.metadata.holder.AbstractReadHolder.AbstractReadHolder;IntensiveCoupling;method
easyexcel-2.2.11;com.alibaba.excel.read.metadata.holder.ReadWorkbookHolder.ReadWorkbookHolder;IntensiveCoupling;method
easyexcel-2.2.11;com.alibaba.excel.read.processor.DefaultAnalysisEventProcessor.dealData;IntensiveCoupling;method
easyexcel-2.2.11;com.alibaba.excel.util.WorkBookUtil.createWorkBook;IntensiveCoupling;method
easyexcel-2.2.11;com.alibaba.excel.write.executor.ExcelWriteFillExecutor.fill;IntensiveCoupling;method
easyexcel-2.2.11;com.alibaba.excel.write.executor.ExcelWriteFillExecutor.prepareData;IntensiveCoupling;method
easyexcel-2.2.11;com.alibaba.excel.write.metadata.holder.AbstractWriteHolder.AbstractWriteHolder;IntensiveCoupling;method
easyexcel-2.2.11;com.alibaba.excel.write.metadata.holder.AbstractWriteHolder.initAnnotationConfig;IntensiveCoupling;method
easyexcel-2.2.11;com.alibaba.excel.write.metadata.holder.WriteWorkbookHolder.WriteWorkbookHolder;IntensiveCoupling;method
easyexcel-2.2.11;com.alibaba.excel.write.metadata.style.WriteCellStyle.build;IntensiveCoupling;method
easyexcel-2.2.11;com.alibaba.excel.write.property.ExcelWriteHeadProperty.ExcelWriteHeadProperty;IntensiveCoupling;method
