dbeaver-21.0.2;org.jkiss.dbeaver.ui.resources.bookmarks.BookmarkStorage;DataClass;class
dbeaver-21.0.2;org.jkiss.dbeaver.ui.resources.bookmarks.DBNBookmark;DataClass;class
dbeaver-21.0.2;org.jkiss.dbeaver.model.gis.GisTransformRequest;DataClass;class
dbeaver-21.0.2;org.jkiss.dbeaver.ui.gis.registry.GeometryViewerRegistry;DataClass;class
dbeaver-21.0.2;org.jkiss.dbeaver.tools.transfer.database.DatabaseMappingAttribute;DataClass;class
dbeaver-21.0.2;org.jkiss.dbeaver.tools.transfer.IDataTransferConsumer;DataClass;class
dbeaver-21.0.2;org.jkiss.dbeaver.tools.transfer.registry.DataTransferProcessorDescriptor;DataClass;class
dbeaver-21.0.2;org.jkiss.dbeaver.tools.transfer.registry.DataTransferRegistry;DataClass;class
dbeaver-21.0.2;org.jkiss.dbeaver.tools.transfer.stream.model.StreamDataSourceInfo;DataClass;class
dbeaver-21.0.2;org.jkiss.dbeaver.tools.transfer.stream.StreamConsumerSettings;DataClass;class
dbeaver-21.0.2;org.jkiss.dbeaver.tools.transfer.stream.StreamDataImporterColumnInfo;DataClass;class
dbeaver-21.0.2;org.jkiss.dbeaver.tools.transfer.stream.StreamTransferConsumer.StreamExportSite;DataClass;class
dbeaver-21.0.2;org.jkiss.dbeaver.tools.transfer.stream.StreamTransferResultSet;DataClass;class
dbeaver-21.0.2;org.jkiss.dbeaver.erd.model.ERDLogicalAssociation;DataClass;class
dbeaver-21.0.2;org.jkiss.dbeaver.erd.model.ERDLogicalPrimaryKey;DataClass;class
dbeaver-21.0.2;org.jkiss.dbeaver.erd.ui.editor.ERDEditorViewer;DataClass;class
dbeaver-21.0.2;org.jkiss.dbeaver.erd.ui.editor.ERDPalettePreferences;DataClass;class
dbeaver-21.0.2;org.jkiss.dbeaver.erd.ui.figures.NoteFigure;DataClass;class
dbeaver-21.0.2;org.jkiss.dbeaver.erd.ui.model.ERDContainerDecorated;DataClass;class
dbeaver-21.0.2;org.jkiss.dbeaver.erd.ui.part.NodePart;DataClass;class
dbeaver-21.0.2;org.jkiss.dbeaver.ext.db2.info.DB2Parameter;DataClass;class
dbeaver-21.0.2;org.jkiss.dbeaver.ext.db2.info.DB2XMLString;DataClass;class
dbeaver-21.0.2;org.jkiss.dbeaver.ext.db2.model.app.DB2ServerApplication;DataClass;class
dbeaver-21.0.2;org.jkiss.dbeaver.ext.db2.model.DB2Alias;DataClass;class
dbeaver-21.0.2;org.jkiss.dbeaver.ext.db2.model.DB2Bufferpool;DataClass;class
dbeaver-21.0.2;org.jkiss.dbeaver.ext.db2.model.DB2DataType;DataClass;class
dbeaver-21.0.2;org.jkiss.dbeaver.ext.db2.model.DB2ExecutionContext;DataClass;class
dbeaver-21.0.2;org.jkiss.dbeaver.ext.db2.model.DB2Index;DataClass;class
dbeaver-21.0.2;org.jkiss.dbeaver.ext.db2.model.DB2IndexColumn;DataClass;class
dbeaver-21.0.2;org.jkiss.dbeaver.ext.db2.model.DB2Object;DataClass;class
dbeaver-21.0.2;org.jkiss.dbeaver.ext.db2.model.DB2Package;DataClass;class
dbeaver-21.0.2;org.jkiss.dbeaver.ext.db2.model.DB2PackageDep;DataClass;class
dbeaver-21.0.2;org.jkiss.dbeaver.ext.db2.model.DB2PackageStatement;DataClass;class
dbeaver-21.0.2;org.jkiss.dbeaver.ext.db2.model.DB2Routine;DataClass;class
dbeaver-21.0.2;org.jkiss.dbeaver.ext.db2.model.DB2RoutineParm;DataClass;class
dbeaver-21.0.2;org.jkiss.dbeaver.ext.db2.model.DB2Sequence;DataClass;class
dbeaver-21.0.2;org.jkiss.dbeaver.ext.db2.model.DB2StorageGroup;DataClass;class
dbeaver-21.0.2;org.jkiss.dbeaver.ext.db2.model.DB2Table;DataClass;class
dbeaver-21.0.2;org.jkiss.dbeaver.ext.db2.model.DB2TableBase;DataClass;class
dbeaver-21.0.2;org.jkiss.dbeaver.ext.db2.model.DB2TableCheckConstraint;DataClass;class
dbeaver-21.0.2;org.jkiss.dbeaver.ext.db2.model.DB2TableCheckConstraintColumn;DataClass;class
dbeaver-21.0.2;org.jkiss.dbeaver.ext.db2.model.DB2TableColumn;DataClass;class
dbeaver-21.0.2;org.jkiss.dbeaver.ext.db2.model.DB2TableForeignKey;DataClass;class
dbeaver-21.0.2;org.jkiss.dbeaver.ext.db2.model.DB2TableKeyColumn;DataClass;class
dbeaver-21.0.2;org.jkiss.dbeaver.ext.db2.model.DB2TablePartition;DataClass;class
dbeaver-21.0.2;org.jkiss.dbeaver.ext.db2.model.DB2TablePeriod;DataClass;class
dbeaver-21.0.2;org.jkiss.dbeaver.ext.db2.model.DB2TableReference;DataClass;class
dbeaver-21.0.2;org.jkiss.dbeaver.ext.db2.model.DB2Tablespace;DataClass;class
dbeaver-21.0.2;org.jkiss.dbeaver.ext.db2.model.DB2TablespaceContainer;DataClass;class
dbeaver-21.0.2;org.jkiss.dbeaver.ext.db2.model.DB2TableUniqueKey;DataClass;class
dbeaver-21.0.2;org.jkiss.dbeaver.ext.db2.model.DB2Trigger;DataClass;class
dbeaver-21.0.2;org.jkiss.dbeaver.ext.db2.model.DB2TriggerDep;DataClass;class
dbeaver-21.0.2;org.jkiss.dbeaver.ext.db2.model.DB2Variable;DataClass;class
dbeaver-21.0.2;org.jkiss.dbeaver.ext.db2.model.DB2ViewBase;DataClass;class
dbeaver-21.0.2;org.jkiss.dbeaver.ext.db2.model.DB2ViewBaseDep;DataClass;class
dbeaver-21.0.2;org.jkiss.dbeaver.ext.db2.model.DB2XMLSchema;DataClass;class
dbeaver-21.0.2;org.jkiss.dbeaver.ext.db2.model.DB2XMLSchemaDep;DataClass;class
dbeaver-21.0.2;org.jkiss.dbeaver.ext.db2.model.fed.DB2Nickname;DataClass;class
dbeaver-21.0.2;org.jkiss.dbeaver.ext.db2.model.fed.DB2RemoteServer;DataClass;class
dbeaver-21.0.2;org.jkiss.dbeaver.ext.db2.model.fed.DB2RemoteServerOption;DataClass;class
dbeaver-21.0.2;org.jkiss.dbeaver.ext.db2.model.fed.DB2Wrapper;DataClass;class
dbeaver-21.0.2;org.jkiss.dbeaver.ext.db2.model.module.DB2Module;DataClass;class
dbeaver-21.0.2;org.jkiss.dbeaver.ext.db2.model.module.DB2ModuleCondition;DataClass;class
dbeaver-21.0.2;org.jkiss.dbeaver.ext.db2.model.plan.DB2PlanInstance;DataClass;class
dbeaver-21.0.2;org.jkiss.dbeaver.ext.db2.model.plan.DB2PlanNode;DataClass;class
dbeaver-21.0.2;org.jkiss.dbeaver.ext.db2.model.plan.DB2PlanObject;DataClass;class
dbeaver-21.0.2;org.jkiss.dbeaver.ext.db2.model.plan.DB2PlanOperator;DataClass;class
dbeaver-21.0.2;org.jkiss.dbeaver.ext.db2.model.plan.DB2PlanOperatorPredicate;DataClass;class
dbeaver-21.0.2;org.jkiss.dbeaver.ext.db2.model.plan.DB2PlanStatement;DataClass;class
dbeaver-21.0.2;org.jkiss.dbeaver.ext.db2.model.plan.DB2PlanStream;DataClass;class
dbeaver-21.0.2;org.jkiss.dbeaver.ext.db2.model.security.DB2AuthBase;DataClass;class
dbeaver-21.0.2;org.jkiss.dbeaver.ext.db2.model.security.DB2AuthPackage;DataClass;class
dbeaver-21.0.2;org.jkiss.dbeaver.ext.db2.model.security.DB2AuthSchema;DataClass;class
dbeaver-21.0.2;org.jkiss.dbeaver.ext.db2.model.security.DB2AuthTableBase;DataClass;class
dbeaver-21.0.2;org.jkiss.dbeaver.ext.db2.model.security.DB2DatabaseAuth;DataClass;class
dbeaver-21.0.2;org.jkiss.dbeaver.ext.db2.model.security.DB2Grantee;DataClass;class
dbeaver-21.0.2;org.jkiss.dbeaver.ext.db2.model.security.DB2Role;DataClass;class
dbeaver-21.0.2;org.jkiss.dbeaver.ext.db2.model.security.DB2RoleAuth;DataClass;class
dbeaver-21.0.2;org.jkiss.dbeaver.ext.db2.tasks.DB2RunstatsToolSettings;DataClass;class
dbeaver-21.0.2;org.jkiss.dbeaver.ext.exasol.model.app.ExasolServerSession;DataClass;class
dbeaver-21.0.2;org.jkiss.dbeaver.ext.exasol.model.ExasolConnection;DataClass;class
dbeaver-21.0.2;org.jkiss.dbeaver.ext.exasol.model.ExasolConsumerGroup;DataClass;class
dbeaver-21.0.2;org.jkiss.dbeaver.ext.exasol.model.ExasolDataType;DataClass;class
dbeaver-21.0.2;org.jkiss.dbeaver.ext.exasol.model.ExasolExecutionContext;DataClass;class
dbeaver-21.0.2;org.jkiss.dbeaver.ext.exasol.model.ExasolFunction;DataClass;class
dbeaver-21.0.2;org.jkiss.dbeaver.ext.exasol.model.ExasolGlobalObject;DataClass;class
dbeaver-21.0.2;org.jkiss.dbeaver.ext.exasol.model.ExasolObject;DataClass;class
dbeaver-21.0.2;org.jkiss.dbeaver.ext.exasol.model.ExasolPriority;DataClass;class
dbeaver-21.0.2;org.jkiss.dbeaver.ext.exasol.model.ExasolPriorityGroup;DataClass;class
dbeaver-21.0.2;org.jkiss.dbeaver.ext.exasol.model.ExasolSchema;DataClass;class
dbeaver-21.0.2;org.jkiss.dbeaver.ext.exasol.model.ExasolScript;DataClass;class
dbeaver-21.0.2;org.jkiss.dbeaver.ext.exasol.model.ExasolTable;DataClass;class
dbeaver-21.0.2;org.jkiss.dbeaver.ext.exasol.model.ExasolTable.AdditionalInfo;DataClass;class
dbeaver-21.0.2;org.jkiss.dbeaver.ext.exasol.model.ExasolTableBase;DataClass;class
dbeaver-21.0.2;org.jkiss.dbeaver.ext.exasol.model.ExasolTableColumn;DataClass;class
dbeaver-21.0.2;org.jkiss.dbeaver.ext.exasol.model.ExasolTableForeignKey;DataClass;class
dbeaver-21.0.2;org.jkiss.dbeaver.ext.exasol.model.ExasolTableIndex;DataClass;class
dbeaver-21.0.2;org.jkiss.dbeaver.ext.exasol.model.ExasolTableIndexColumn;DataClass;class
dbeaver-21.0.2;org.jkiss.dbeaver.ext.exasol.model.ExasolTableKeyColumn;DataClass;class
dbeaver-21.0.2;org.jkiss.dbeaver.ext.exasol.model.ExasolTablePartitionColumn;DataClass;class
dbeaver-21.0.2;org.jkiss.dbeaver.ext.exasol.model.ExasolTableUniqueKey;DataClass;class
dbeaver-21.0.2;org.jkiss.dbeaver.ext.exasol.model.ExasolVirtualSchema;DataClass;class
dbeaver-21.0.2;org.jkiss.dbeaver.ext.exasol.model.ExasolVirtualSchemaParameter;DataClass;class
dbeaver-21.0.2;org.jkiss.dbeaver.ext.exasol.model.lock.ExasolLock;DataClass;class
dbeaver-21.0.2;org.jkiss.dbeaver.ext.exasol.model.lock.ExasolLockItem;DataClass;class
dbeaver-21.0.2;org.jkiss.dbeaver.ext.exasol.model.plan.ExasolPlanNode;DataClass;class
dbeaver-21.0.2;org.jkiss.dbeaver.ext.exasol.model.security.ExasolBaseObjectGrant;DataClass;class
dbeaver-21.0.2;org.jkiss.dbeaver.ext.exasol.model.security.ExasolConnectionGrant;DataClass;class
dbeaver-21.0.2;org.jkiss.dbeaver.ext.exasol.model.security.ExasolGrantee;DataClass;class
dbeaver-21.0.2;org.jkiss.dbeaver.ext.exasol.model.security.ExasolRoleGrant;DataClass;class
dbeaver-21.0.2;org.jkiss.dbeaver.ext.exasol.model.security.ExasolScriptGrant;DataClass;class
dbeaver-21.0.2;org.jkiss.dbeaver.ext.exasol.model.security.ExasolSecurityPolicy;DataClass;class
dbeaver-21.0.2;org.jkiss.dbeaver.ext.exasol.model.security.ExasolSystemGrant;DataClass;class
dbeaver-21.0.2;org.jkiss.dbeaver.ext.exasol.model.security.ExasolUser;DataClass;class
dbeaver-21.0.2;org.jkiss.dbeaver.ext.exasol.ui.config.ExasolConnectionDialog;DataClass;class
dbeaver-21.0.2;org.jkiss.dbeaver.ext.exasol.ui.config.ExasolConsumerGroupDialog;DataClass;class
dbeaver-21.0.2;org.jkiss.dbeaver.ext.exasol.ui.config.ExasolUserDialog;DataClass;class
dbeaver-21.0.2;org.jkiss.dbeaver.ext.firebird.model.FireBirdDataType;DataClass;class
dbeaver-21.0.2;org.jkiss.dbeaver.ext.firebird.model.FireBirdProcedure;DataClass;class
dbeaver-21.0.2;org.jkiss.dbeaver.ext.firebird.model.FireBirdTable;DataClass;class
dbeaver-21.0.2;org.jkiss.dbeaver.ext.firebird.model.FireBirdTableColumn;DataClass;class
dbeaver-21.0.2;org.jkiss.dbeaver.ext.firebird.model.plan.FireBirdPlanNode;DataClass;class
dbeaver-21.0.2;org.jkiss.dbeaver.ext.generic.model.GenericCatalog;DataClass;class
dbeaver-21.0.2;org.jkiss.dbeaver.ext.generic.model.GenericDataSource.DataSourceObjectContainer;DataClass;class
dbeaver-21.0.2;org.jkiss.dbeaver.ext.generic.model.GenericDataType;DataClass;class
dbeaver-21.0.2;org.jkiss.dbeaver.ext.generic.model.GenericProcedure;DataClass;class
dbeaver-21.0.2;org.jkiss.dbeaver.ext.generic.model.GenericProcedureParameter;DataClass;class
dbeaver-21.0.2;org.jkiss.dbeaver.ext.generic.model.GenericSchema;DataClass;class
dbeaver-21.0.2;org.jkiss.dbeaver.ext.generic.model.GenericSequence;DataClass;class
dbeaver-21.0.2;org.jkiss.dbeaver.ext.generic.model.GenericSynonym;DataClass;class
dbeaver-21.0.2;org.jkiss.dbeaver.ext.generic.model.GenericTableConstraintColumn;DataClass;class
dbeaver-21.0.2;org.jkiss.dbeaver.ext.generic.model.GenericTableForeignKey;DataClass;class
dbeaver-21.0.2;org.jkiss.dbeaver.ext.generic.model.GenericTableIndex;DataClass;class
dbeaver-21.0.2;org.jkiss.dbeaver.ext.generic.model.GenericTableIndexColumn;DataClass;class
dbeaver-21.0.2;org.jkiss.dbeaver.ext.generic.model.GenericTrigger;DataClass;class
dbeaver-21.0.2;org.jkiss.dbeaver.ext.generic.model.meta.GenericMetaModelDescriptor;DataClass;class
dbeaver-21.0.2;org.jkiss.dbeaver.ext.hana.model.HANADependency;DataClass;class
dbeaver-21.0.2;org.jkiss.dbeaver.ext.hana.model.plan.HANAPlanNode;DataClass;class
dbeaver-21.0.2;org.jkiss.dbeaver.ext.hive.model.HiveIndex;DataClass;class
dbeaver-21.0.2;org.jkiss.dbeaver.ext.import_config.wizards.ImportConnectionInfo;DataClass;class
dbeaver-21.0.2;org.jkiss.dbeaver.ext.import_config.wizards.ImportData;DataClass;class
dbeaver-21.0.2;org.jkiss.dbeaver.ext.import_config.wizards.ImportDriverInfo;DataClass;class
dbeaver-21.0.2;org.jkiss.dbeaver.ext.import_config.wizards.navicat.ConfigImportWizardNavicat;DataClass;class
dbeaver-21.0.2;org.jkiss.dbeaver.ext.mssql.model.generic.SQLServerGenericTable;DataClass;class
dbeaver-21.0.2;org.jkiss.dbeaver.ext.mssql.model.session.SQLServerSession;DataClass;class
dbeaver-21.0.2;org.jkiss.dbeaver.ext.mssql.model.SQLServerDatabase;DataClass;class
dbeaver-21.0.2;org.jkiss.dbeaver.ext.mssql.model.SQLServerExecutionContext;DataClass;class
dbeaver-21.0.2;org.jkiss.dbeaver.ext.mssql.model.SQLServerProcedure;DataClass;class
dbeaver-21.0.2;org.jkiss.dbeaver.ext.mssql.model.SQLServerProcedureParameter;DataClass;class
dbeaver-21.0.2;org.jkiss.dbeaver.ext.mssql.model.SQLServerSchema;DataClass;class
dbeaver-21.0.2;org.jkiss.dbeaver.ext.mssql.model.SQLServerSequence;DataClass;class
dbeaver-21.0.2;org.jkiss.dbeaver.ext.mssql.model.SQLServerSynonym;DataClass;class
dbeaver-21.0.2;org.jkiss.dbeaver.ext.mssql.model.SQLServerTableBase;DataClass;class
dbeaver-21.0.2;org.jkiss.dbeaver.ext.mssql.model.SQLServerTableCheckConstraint;DataClass;class
dbeaver-21.0.2;org.jkiss.dbeaver.ext.mssql.model.SQLServerTableColumn;DataClass;class
dbeaver-21.0.2;org.jkiss.dbeaver.ext.mssql.model.SQLServerTableIndexColumn;DataClass;class
dbeaver-21.0.2;org.jkiss.dbeaver.ext.mssql.model.SQLServerTableUniqueKeyColumn;DataClass;class
dbeaver-21.0.2;org.jkiss.dbeaver.ext.mssql.model.SQLServerTypedObject;DataClass;class
dbeaver-21.0.2;org.jkiss.dbeaver.ext.mysql.edit.MySQLTableColumnManager;DataClass;class
dbeaver-21.0.2;org.jkiss.dbeaver.ext.mysql.model.MySQLCatalog;DataClass;class
dbeaver-21.0.2;org.jkiss.dbeaver.ext.mysql.model.MySQLCatalog.AdditionalInfo;DataClass;class
dbeaver-21.0.2;org.jkiss.dbeaver.ext.mysql.model.MySQLCharset;DataClass;class
dbeaver-21.0.2;org.jkiss.dbeaver.ext.mysql.model.MySQLEvent;DataClass;class
dbeaver-21.0.2;org.jkiss.dbeaver.ext.mysql.model.MySQLExecutionContext;DataClass;class
dbeaver-21.0.2;org.jkiss.dbeaver.ext.mysql.model.MySQLPackage;DataClass;class
dbeaver-21.0.2;org.jkiss.dbeaver.ext.mysql.model.MySQLParameter;DataClass;class
dbeaver-21.0.2;org.jkiss.dbeaver.ext.mysql.model.MySQLPartition;DataClass;class
dbeaver-21.0.2;org.jkiss.dbeaver.ext.mysql.model.MySQLProcedure;DataClass;class
dbeaver-21.0.2;org.jkiss.dbeaver.ext.mysql.model.MySQLSequence;DataClass;class
dbeaver-21.0.2;org.jkiss.dbeaver.ext.mysql.model.MySQLTable.AdditionalInfo;DataClass;class
dbeaver-21.0.2;org.jkiss.dbeaver.ext.mysql.model.MySQLTableBase;DataClass;class
dbeaver-21.0.2;org.jkiss.dbeaver.ext.mysql.model.MySQLTableColumn;DataClass;class
dbeaver-21.0.2;org.jkiss.dbeaver.ext.mysql.model.MySQLTableConstraintColumn;DataClass;class
dbeaver-21.0.2;org.jkiss.dbeaver.ext.mysql.model.MySQLTableIndexColumn;DataClass;class
dbeaver-21.0.2;org.jkiss.dbeaver.ext.mysql.model.MySQLTrigger;DataClass;class
dbeaver-21.0.2;org.jkiss.dbeaver.ext.mysql.model.MySQLUser;DataClass;class
dbeaver-21.0.2;org.jkiss.dbeaver.ext.mysql.model.MySQLView;DataClass;class
dbeaver-21.0.2;org.jkiss.dbeaver.ext.mysql.model.MySQLView.AdditionalInfo;DataClass;class
dbeaver-21.0.2;org.jkiss.dbeaver.ext.mysql.model.plan.MySQLPlanNodePlain;DataClass;class
dbeaver-21.0.2;org.jkiss.dbeaver.ext.mysql.model.session.MySQLSession;DataClass;class
dbeaver-21.0.2;org.jkiss.dbeaver.ext.oracle.data.OracleXMLWrapper;DataClass;class
dbeaver-21.0.2;org.jkiss.dbeaver.ext.oracle.model.lock.OracleLock;DataClass;class
dbeaver-21.0.2;org.jkiss.dbeaver.ext.oracle.model.lock.OracleLockItem;DataClass;class
dbeaver-21.0.2;org.jkiss.dbeaver.ext.oracle.model.OracleDataFile;DataClass;class
dbeaver-21.0.2;org.jkiss.dbeaver.ext.oracle.model.OracleDataTypeAttribute;DataClass;class
dbeaver-21.0.2;org.jkiss.dbeaver.ext.oracle.model.OracleDataTypeMember;DataClass;class
dbeaver-21.0.2;org.jkiss.dbeaver.ext.oracle.model.OracleDataTypeMethodParameter;DataClass;class
dbeaver-21.0.2;org.jkiss.dbeaver.ext.oracle.model.OracleDependency;DataClass;class
dbeaver-21.0.2;org.jkiss.dbeaver.ext.oracle.model.OracleExecutionContext;DataClass;class
dbeaver-21.0.2;org.jkiss.dbeaver.ext.oracle.model.OracleMaterializedView;DataClass;class
dbeaver-21.0.2;org.jkiss.dbeaver.ext.oracle.model.OracleMaterializedView.AdditionalInfo;DataClass;class
dbeaver-21.0.2;org.jkiss.dbeaver.ext.oracle.model.OracleObject;DataClass;class
dbeaver-21.0.2;org.jkiss.dbeaver.ext.oracle.model.OraclePackage;DataClass;class
dbeaver-21.0.2;org.jkiss.dbeaver.ext.oracle.model.OraclePartitionBase;DataClass;class
dbeaver-21.0.2;org.jkiss.dbeaver.ext.oracle.model.OracleProcedureArgument;DataClass;class
dbeaver-21.0.2;org.jkiss.dbeaver.ext.oracle.model.OracleProcedureBase;DataClass;class
dbeaver-21.0.2;org.jkiss.dbeaver.ext.oracle.model.OracleProcedurePackaged;DataClass;class
dbeaver-21.0.2;org.jkiss.dbeaver.ext.oracle.model.OracleQueue;DataClass;class
dbeaver-21.0.2;org.jkiss.dbeaver.ext.oracle.model.OracleRecycledObject;DataClass;class
dbeaver-21.0.2;org.jkiss.dbeaver.ext.oracle.model.OracleSchedulerJobArgument;DataClass;class
dbeaver-21.0.2;org.jkiss.dbeaver.ext.oracle.model.OracleSchedulerProgram;DataClass;class
dbeaver-21.0.2;org.jkiss.dbeaver.ext.oracle.model.OracleSchedulerProgramArgument;DataClass;class
dbeaver-21.0.2;org.jkiss.dbeaver.ext.oracle.model.OracleSchema;DataClass;class
dbeaver-21.0.2;org.jkiss.dbeaver.ext.oracle.model.OracleSegment;DataClass;class
dbeaver-21.0.2;org.jkiss.dbeaver.ext.oracle.model.OracleSequence;DataClass;class
dbeaver-21.0.2;org.jkiss.dbeaver.ext.oracle.model.OracleSynonym;DataClass;class
dbeaver-21.0.2;org.jkiss.dbeaver.ext.oracle.model.OracleTable.AdditionalInfo;DataClass;class
dbeaver-21.0.2;org.jkiss.dbeaver.ext.oracle.model.OracleTableBase;DataClass;class
dbeaver-21.0.2;org.jkiss.dbeaver.ext.oracle.model.OracleTableColumn;DataClass;class
dbeaver-21.0.2;org.jkiss.dbeaver.ext.oracle.model.OracleTableConstraintColumn;DataClass;class
dbeaver-21.0.2;org.jkiss.dbeaver.ext.oracle.model.OracleTableForeignKey;DataClass;class
dbeaver-21.0.2;org.jkiss.dbeaver.ext.oracle.model.OracleTableIndexColumn;DataClass;class
dbeaver-21.0.2;org.jkiss.dbeaver.ext.oracle.model.OracleTablePhysical;DataClass;class
dbeaver-21.0.2;org.jkiss.dbeaver.ext.oracle.model.OracleTablespace;DataClass;class
dbeaver-21.0.2;org.jkiss.dbeaver.ext.oracle.model.OracleTrigger;DataClass;class
dbeaver-21.0.2;org.jkiss.dbeaver.ext.oracle.model.OracleTriggerColumn;DataClass;class
dbeaver-21.0.2;org.jkiss.dbeaver.ext.oracle.model.OracleUser;DataClass;class
dbeaver-21.0.2;org.jkiss.dbeaver.ext.oracle.model.OracleView.AdditionalInfo;DataClass;class
dbeaver-21.0.2;org.jkiss.dbeaver.ext.oracle.model.session.OracleServerLongOp;DataClass;class
dbeaver-21.0.2;org.jkiss.dbeaver.ext.oracle.model.session.OracleServerSession;DataClass;class
dbeaver-21.0.2;org.jkiss.dbeaver.ext.oracle.ui.tools.sqldeveloper.ConfigImportWizardPageSqlDeveloper.ConnectionDescription;DataClass;class
dbeaver-21.0.2;org.jkiss.dbeaver.ext.oracle.ui.tools.sqldeveloper.ConfigImportWizardPageSqlDeveloper.ConnectionInfo;DataClass;class
dbeaver-21.0.2;org.jkiss.dbeaver.ext.postgresql.model.impls.redshift.RedshiftExternalTable;DataClass;class
dbeaver-21.0.2;org.jkiss.dbeaver.ext.postgresql.model.lock.PostgreLock;DataClass;class
dbeaver-21.0.2;org.jkiss.dbeaver.ext.postgresql.model.lock.PostgreLockItem;DataClass;class
dbeaver-21.0.2;org.jkiss.dbeaver.ext.postgresql.model.plan.PostgrePlanNodeBase;DataClass;class
dbeaver-21.0.2;org.jkiss.dbeaver.ext.postgresql.model.PostgreAggregate;DataClass;class
dbeaver-21.0.2;org.jkiss.dbeaver.ext.postgresql.model.PostgreAttribute;DataClass;class
dbeaver-21.0.2;org.jkiss.dbeaver.ext.postgresql.model.PostgreAvailableExtension;DataClass;class
dbeaver-21.0.2;org.jkiss.dbeaver.ext.postgresql.model.PostgreCollation;DataClass;class
dbeaver-21.0.2;org.jkiss.dbeaver.ext.postgresql.model.PostgreDependency;DataClass;class
dbeaver-21.0.2;org.jkiss.dbeaver.ext.postgresql.model.PostgreExtension;DataClass;class
dbeaver-21.0.2;org.jkiss.dbeaver.ext.postgresql.model.PostgreForeignDataWrapper;DataClass;class
dbeaver-21.0.2;org.jkiss.dbeaver.ext.postgresql.model.PostgreForeignServer;DataClass;class
dbeaver-21.0.2;org.jkiss.dbeaver.ext.postgresql.model.PostgreOperatorClass;DataClass;class
dbeaver-21.0.2;org.jkiss.dbeaver.ext.postgresql.model.PostgrePrivilege;DataClass;class
dbeaver-21.0.2;org.jkiss.dbeaver.ext.postgresql.model.PostgreProcedureParameter;DataClass;class
dbeaver-21.0.2;org.jkiss.dbeaver.ext.postgresql.model.PostgreRolePrivilege;DataClass;class
dbeaver-21.0.2;org.jkiss.dbeaver.ext.postgresql.model.PostgreRule;DataClass;class
dbeaver-21.0.2;org.jkiss.dbeaver.ext.postgresql.model.PostgreSequence.AdditionalInfo;DataClass;class
dbeaver-21.0.2;org.jkiss.dbeaver.ext.postgresql.model.PostgreSetting;DataClass;class
dbeaver-21.0.2;org.jkiss.dbeaver.ext.postgresql.model.PostgreTable;DataClass;class
dbeaver-21.0.2;org.jkiss.dbeaver.ext.postgresql.model.PostgreTableBase;DataClass;class
dbeaver-21.0.2;org.jkiss.dbeaver.ext.postgresql.model.PostgreTableConstraintColumn;DataClass;class
dbeaver-21.0.2;org.jkiss.dbeaver.ext.postgresql.model.PostgreTableForeignKey;DataClass;class
dbeaver-21.0.2;org.jkiss.dbeaver.ext.postgresql.model.PostgreTableReal;DataClass;class
dbeaver-21.0.2;org.jkiss.dbeaver.ext.postgresql.model.PostgreTablespace;DataClass;class
dbeaver-21.0.2;org.jkiss.dbeaver.ext.postgresql.model.PostgreTrigger;DataClass;class
dbeaver-21.0.2;org.jkiss.dbeaver.ext.postgresql.model.PostgreUserMapping;DataClass;class
dbeaver-21.0.2;org.jkiss.dbeaver.ext.postgresql.model.session.PostgreSession;DataClass;class
dbeaver-21.0.2;org.jkiss.dbeaver.ext.postgresql.debug.internal.impl.PostgreDebugSessionInfo;DataClass;class
dbeaver-21.0.2;org.jkiss.dbeaver.ext.postgresql.debug.internal.impl.PostgreDebugStackFrame;DataClass;class
dbeaver-21.0.2;org.jkiss.dbeaver.ext.postgresql.tools.fdw.PostgreFDWConfigWizard;DataClass;class
dbeaver-21.0.2;org.jkiss.dbeaver.ext.postgresql.ui.PostgreCreateDatabaseDialog;DataClass;class
dbeaver-21.0.2;org.jkiss.dbeaver.ext.teradata.model.TeradataTrigger;DataClass;class
dbeaver-21.0.2;org.jkiss.dbeaver.ext.vertica.model.VerticaNode;DataClass;class
dbeaver-21.0.2;org.jkiss.dbeaver.ext.vertica.model.VerticaProjection;DataClass;class
dbeaver-21.0.2;org.jkiss.dbeaver.ext.vertica.model.VerticaProjectionColumn;DataClass;class
dbeaver-21.0.2;org.jkiss.dbeaver.ext.vertica.model.VerticaUDF;DataClass;class
dbeaver-21.0.2;org.jkiss.dbeaver.ext.wmi.model.WMIClassAttribute;DataClass;class
dbeaver-21.0.2;org.jkiss.dbeaver.ext.wmi.model.WMIClassConstraint;DataClass;class
dbeaver-21.0.2;org.jkiss.dbeaver.ext.wmi.model.WMIClassInheritance;DataClass;class
dbeaver-21.0.2;org.jkiss.dbeaver.ext.wmi.model.WMINamespace;DataClass;class
dbeaver-21.0.2;org.jkiss.dbeaver.ext.wmi.model.WMIResultSet;DataClass;class
dbeaver-21.0.2;org.jkiss.dbeaver.ext.wmi.model.WMIResultSet.MetaProperty;DataClass;class
dbeaver-21.0.2;org.jkiss.dbeaver.lang.SCMGroupNode;DataClass;class
dbeaver-21.0.2;org.jkiss.dbeaver.lang.SCMLeafNode;DataClass;class
dbeaver-21.0.2;org.jkiss.dbeaver.model.access.DBAAuthParameters;DataClass;class
dbeaver-21.0.2;org.jkiss.dbeaver.model.access.DBAAuthProfile;DataClass;class
dbeaver-21.0.2;org.jkiss.dbeaver.model.access.DBAPasswordChangeInfo;DataClass;class
dbeaver-21.0.2;org.jkiss.dbeaver.model.connection.DBPConfigurationProfile;DataClass;class
dbeaver-21.0.2;org.jkiss.dbeaver.model.connection.DBPConnectionBootstrap;DataClass;class
dbeaver-21.0.2;org.jkiss.dbeaver.model.connection.DBPDriverDependencies;DataClass;class
dbeaver-21.0.2;org.jkiss.dbeaver.model.data.DBDAttributeBinding;DataClass;class
dbeaver-21.0.2;org.jkiss.dbeaver.model.data.DBDAttributeBindingCustom;DataClass;class
dbeaver-21.0.2;org.jkiss.dbeaver.model.data.DBDAttributeBindingMeta;DataClass;class
dbeaver-21.0.2;org.jkiss.dbeaver.model.data.DBDAttributeBindingNested;DataClass;class
dbeaver-21.0.2;org.jkiss.dbeaver.model.data.DBDAttributeBindingType;DataClass;class
dbeaver-21.0.2;org.jkiss.dbeaver.model.data.DBDPseudoAttribute.FakeEntityAttribute;DataClass;class
dbeaver-21.0.2;org.jkiss.dbeaver.model.data.DBDPseudoReferrer;DataClass;class
dbeaver-21.0.2;org.jkiss.dbeaver.model.DBIconComposite;DataClass;class
dbeaver-21.0.2;org.jkiss.dbeaver.model.impl.AbstractExecutionSource;DataClass;class
dbeaver-21.0.2;org.jkiss.dbeaver.model.impl.AbstractResultSet;DataClass;class
dbeaver-21.0.2;org.jkiss.dbeaver.model.impl.admin.locks.LockGraph;DataClass;class
dbeaver-21.0.2;org.jkiss.dbeaver.model.impl.app.ApplicationDescriptor;DataClass;class
dbeaver-21.0.2;org.jkiss.dbeaver.model.impl.auth.AuthModelDatabaseNativeCredentials;DataClass;class
dbeaver-21.0.2;org.jkiss.dbeaver.model.impl.data.AttributeMetaDataProxy;DataClass;class
dbeaver-21.0.2;org.jkiss.dbeaver.model.impl.jdbc.data.JDBCComposite.StructType;DataClass;class
dbeaver-21.0.2;org.jkiss.dbeaver.model.impl.jdbc.data.JDBCSQLXMLImpl;DataClass;class
dbeaver-21.0.2;org.jkiss.dbeaver.model.impl.jdbc.exec.JDBCColumnMetaData;DataClass;class
dbeaver-21.0.2;org.jkiss.dbeaver.model.impl.jdbc.exec.JDBCSavepointImpl;DataClass;class
dbeaver-21.0.2;org.jkiss.dbeaver.model.impl.jdbc.JDBCArrayImpl;DataClass;class
dbeaver-21.0.2;org.jkiss.dbeaver.model.impl.jdbc.struct.JDBCDataType;DataClass;class
dbeaver-21.0.2;org.jkiss.dbeaver.model.impl.jdbc.struct.JDBCTableColumn;DataClass;class
dbeaver-21.0.2;org.jkiss.dbeaver.model.impl.jdbc.struct.JDBCTableForeignKey;DataClass;class
dbeaver-21.0.2;org.jkiss.dbeaver.model.impl.jdbc.struct.JDBCTableIndex;DataClass;class
dbeaver-21.0.2;org.jkiss.dbeaver.model.impl.jdbc.struct.JDBCTableObject;DataClass;class
dbeaver-21.0.2;org.jkiss.dbeaver.model.impl.local.LocalResultSetColumn;DataClass;class
dbeaver-21.0.2;org.jkiss.dbeaver.model.impl.preferences.BundlePreferenceStore;DataClass;class
dbeaver-21.0.2;org.jkiss.dbeaver.model.impl.preferences.SimplePreferenceStore;DataClass;class
dbeaver-21.0.2;org.jkiss.dbeaver.model.impl.SimpleTypedObject;DataClass;class
dbeaver-21.0.2;org.jkiss.dbeaver.model.impl.struct.AbstractAttribute;DataClass;class
dbeaver-21.0.2;org.jkiss.dbeaver.model.impl.struct.AbstractDataType;DataClass;class
dbeaver-21.0.2;org.jkiss.dbeaver.model.impl.struct.AbstractObjectReference;DataClass;class
dbeaver-21.0.2;org.jkiss.dbeaver.model.impl.struct.AbstractProcedure;DataClass;class
dbeaver-21.0.2;org.jkiss.dbeaver.model.impl.struct.AbstractTable;DataClass;class
dbeaver-21.0.2;org.jkiss.dbeaver.model.impl.struct.AbstractTableConstraint;DataClass;class
dbeaver-21.0.2;org.jkiss.dbeaver.model.impl.struct.AbstractTrigger;DataClass;class
dbeaver-21.0.2;org.jkiss.dbeaver.model.impl.struct.ContextDefaultObjectsReader;DataClass;class
dbeaver-21.0.2;org.jkiss.dbeaver.model.navigator.DBNDatabaseFolder;DataClass;class
dbeaver-21.0.2;org.jkiss.dbeaver.model.navigator.DBNDatabaseObject;DataClass;class
dbeaver-21.0.2;org.jkiss.dbeaver.model.navigator.meta.DBXTreeFolder;DataClass;class
dbeaver-21.0.2;org.jkiss.dbeaver.model.navigator.meta.DBXTreeObject;DataClass;class
dbeaver-21.0.2;org.jkiss.dbeaver.model.net.DBWHandlerConfiguration;DataClass;class
dbeaver-21.0.2;org.jkiss.dbeaver.model.qm.meta.QMMStatementExecuteInfo;DataClass;class
dbeaver-21.0.2;org.jkiss.dbeaver.model.qm.meta.QMMTransactionInfo;DataClass;class
dbeaver-21.0.2;org.jkiss.dbeaver.model.qm.QMEventCriteria;DataClass;class
dbeaver-21.0.2;org.jkiss.dbeaver.model.runtime.features.DBRNotificationDescriptor;DataClass;class
dbeaver-21.0.2;org.jkiss.dbeaver.model.sql.SQLControlCommand;DataClass;class
dbeaver-21.0.2;org.jkiss.dbeaver.model.sql.SQLHelpTopic;DataClass;class
dbeaver-21.0.2;org.jkiss.dbeaver.model.sql.SQLQueryResult;DataClass;class
dbeaver-21.0.2;org.jkiss.dbeaver.model.sql.SQLQueryResult.ExecuteResult;DataClass;class
dbeaver-21.0.2;org.jkiss.dbeaver.model.struct.DBSDocumentConstraint;DataClass;class
dbeaver-21.0.2;org.jkiss.dbeaver.model.task.DBTTaskContext;DataClass;class
dbeaver-21.0.2;org.jkiss.dbeaver.model.task.DBTTaskScheduleConfiguration;DataClass;class
dbeaver-21.0.2;org.jkiss.dbeaver.model.virtual.DBVColorOverride;DataClass;class
dbeaver-21.0.2;org.jkiss.dbeaver.model.virtual.DBVContainer;DataClass;class
dbeaver-21.0.2;org.jkiss.dbeaver.model.virtual.DBVEntityAttribute;DataClass;class
dbeaver-21.0.2;org.jkiss.dbeaver.model.virtual.DBVEntityForeignKey;DataClass;class
dbeaver-21.0.2;org.jkiss.dbeaver.model.virtual.DBVObject;DataClass;class
dbeaver-21.0.2;org.jkiss.dbeaver.registry.formatter.DataFormatterDescriptor;DataClass;class
dbeaver-21.0.2;org.jkiss.dbeaver.runtime.jobs.ConnectionTestJob;DataClass;class
dbeaver-21.0.2;org.jkiss.dbeaver.runtime.LocalFileStorage;DataClass;class
dbeaver-21.0.2;org.jkiss.dbeaver.runtime.properties.PropertySourceCollection.ItemPropertyDescriptor;DataClass;class
dbeaver-21.0.2;org.jkiss.dbeaver.runtime.properties.PropertySourceMap.ItemPropertyDescriptor;DataClass;class
dbeaver-21.0.2;org.jkiss.dbeaver.model.sql.completion.SQLCompletionProposalBase;DataClass;class
dbeaver-21.0.2;org.jkiss.dbeaver.model.sql.completion.SQLCompletionRequest;DataClass;class
dbeaver-21.0.2;org.jkiss.dbeaver.model.sql.exec.SQLScriptProcessor;DataClass;class
dbeaver-21.0.2;org.jkiss.dbeaver.model.sql.format.SQLFormatterConfiguration;DataClass;class
dbeaver-21.0.2;org.jkiss.dbeaver.model.sql.parser.SQLParserContext;DataClass;class
dbeaver-21.0.2;org.jkiss.dbeaver.model.sql.registry.SQLDialectDescriptor;DataClass;class
dbeaver-21.0.2;org.jkiss.dbeaver.registry.BasePlatformImpl;DataClass;class
dbeaver-21.0.2;org.jkiss.dbeaver.registry.DataSourceConfigurationStorageDescriptor;DataClass;class
dbeaver-21.0.2;org.jkiss.dbeaver.registry.DataSourceFolder;DataClass;class
dbeaver-21.0.2;org.jkiss.dbeaver.registry.DataSourceOriginLocal;DataClass;class
dbeaver-21.0.2;org.jkiss.dbeaver.registry.language.PlatformLanguageDescriptor;DataClass;class
dbeaver-21.0.2;org.jkiss.dbeaver.registry.maven.MavenRepository;DataClass;class
dbeaver-21.0.2;org.jkiss.dbeaver.registry.ResourceHandlerDescriptor;DataClass;class
dbeaver-21.0.2;org.jkiss.dbeaver.registry.task.TaskCategoryDescriptor;DataClass;class
dbeaver-21.0.2;org.jkiss.dbeaver.registry.task.TaskImpl;DataClass;class
dbeaver-21.0.2;org.jkiss.dbeaver.registry.task.TaskPreferenceStore;DataClass;class
dbeaver-21.0.2;org.jkiss.dbeaver.registry.task.TaskRegistry;DataClass;class
dbeaver-21.0.2;org.jkiss.dbeaver.registry.task.TaskRunImpl;DataClass;class
dbeaver-21.0.2;org.jkiss.dbeaver.registry.updater.VersionDescriptor;DataClass;class
dbeaver-21.0.2;org.jkiss.dbeaver.tasks.nativetool.AbstractNativeToolSettings;DataClass;class
dbeaver-21.0.2;org.jkiss.dbeaver.tools.registry.ToolGroupDescriptor;DataClass;class
dbeaver-21.0.2;org.jkiss.dbeaver.tasks.ui.DataSourceToolsContributor.DataSourceEditorInput;DataClass;class
dbeaver-21.0.2;org.jkiss.dbeaver.ui.contentassist.StyledTextContentAdapter;DataClass;class
dbeaver-21.0.2;org.jkiss.dbeaver.ui.controls.CComboContentAdapter;DataClass;class
dbeaver-21.0.2;org.jkiss.dbeaver.ui.controls.folders.TabbedFolderState;DataClass;class
dbeaver-21.0.2;org.jkiss.dbeaver.ui.notifications.AbstractNotification;DataClass;class
dbeaver-21.0.2;org.jkiss.dbeaver.ui.notifications.GeneralNotification;DataClass;class
dbeaver-21.0.2;org.jkiss.dbeaver.ui.preferences.PreferenceStoreDelegate;DataClass;class
dbeaver-21.0.2;org.jkiss.dbeaver.ui.properties.PropertyDescriptorDelegate;DataClass;class
dbeaver-21.0.2;org.jkiss.dbeaver.ui.ProxyPageSite;DataClass;class
dbeaver-21.0.2;org.jkiss.dbeaver.ui.dashboard.control.DashboardItem;DataClass;class
dbeaver-21.0.2;org.jkiss.dbeaver.ui.dashboard.model.DashboardItemViewConfiguration;DataClass;class
dbeaver-21.0.2;org.jkiss.dbeaver.ui.dashboard.registry.DashboardViewTypeDescriptor;DataClass;class
dbeaver-21.0.2;org.jkiss.dbeaver.ui.editors.BinaryEditorInput;DataClass;class
dbeaver-21.0.2;org.jkiss.dbeaver.ui.editors.BinaryEditorInput.ByteStorage;DataClass;class
dbeaver-21.0.2;org.jkiss.dbeaver.ui.editors.DatabaseEditorInput;DataClass;class
dbeaver-21.0.2;org.jkiss.dbeaver.ui.editors.DatabaseLazyEditorInput;DataClass;class
dbeaver-21.0.2;org.jkiss.dbeaver.ui.editors.NodeEditorInput;DataClass;class
dbeaver-21.0.2;org.jkiss.dbeaver.ui.editors.StringEditorInput;DataClass;class
dbeaver-21.0.2;org.jkiss.dbeaver.ui.editors.StringEditorInput.StringStorage;DataClass;class
dbeaver-21.0.2;org.jkiss.dbeaver.ui.editors.SubEditorSite;DataClass;class
dbeaver-21.0.2;org.jkiss.dbeaver.ui.editors.SubEditorSite.FakeActionBars;DataClass;class
dbeaver-21.0.2;org.jkiss.dbeaver.ui.editors.text.handlers.MorphDelimitedListHandler.MorphDelimitedListSettings;DataClass;class
dbeaver-21.0.2;org.jkiss.dbeaver.ui.dialogs.BaseAuthDialog;DataClass;class
dbeaver-21.0.2;org.jkiss.dbeaver.ui.dialogs.driver.DriverSelectViewer;DataClass;class
dbeaver-21.0.2;org.jkiss.dbeaver.ui.controls.lightgrid.IGridScrollBar;DataClass;class
dbeaver-21.0.2;org.jkiss.dbeaver.ui.controls.lightgrid.NullScrollBar;DataClass;class
dbeaver-21.0.2;org.jkiss.dbeaver.ui.controls.lightgrid.ScrollBarAdapter;DataClass;class
dbeaver-21.0.2;org.jkiss.dbeaver.ui.controls.resultset.ResultSetDataContainer.ModelResultSet;DataClass;class
dbeaver-21.0.2;org.jkiss.dbeaver.ui.controls.resultset.ResultSetJobDataRead;DataClass;class
dbeaver-21.0.2;org.jkiss.dbeaver.ui.controls.resultset.ResultSetPresentationRegistry;DataClass;class
dbeaver-21.0.2;org.jkiss.dbeaver.ui.controls.resultset.ResultSetSaveReport;DataClass;class
dbeaver-21.0.2;org.jkiss.dbeaver.ui.controls.resultset.ResultSetValueController;DataClass;class
dbeaver-21.0.2;org.jkiss.dbeaver.ui.controls.resultset.ResultSetViewer.EmptySelection;DataClass;class
dbeaver-21.0.2;org.jkiss.dbeaver.ui.controls.resultset.spreadsheet.SpreadsheetPresentation.GridLabelProvider;DataClass;class
dbeaver-21.0.2;org.jkiss.dbeaver.ui.controls.resultset.StatusLabel;DataClass;class
dbeaver-21.0.2;org.jkiss.dbeaver.ui.data.registry.StreamValueManagerDescriptor;DataClass;class
dbeaver-21.0.2;org.jkiss.dbeaver.ui.editors.sql.dialogs.ViewSQLDialog;DataClass;class
dbeaver-21.0.2;org.jkiss.dbeaver.ui.editors.sql.plan.registry.SQLPlanViewDescriptor;DataClass;class
dbeaver-21.0.2;org.jkiss.dbeaver.ui.editors.sql.plan.simple.SQLPlanTreeViewer;DataClass;class
dbeaver-21.0.2;org.jkiss.dbeaver.ui.editors.sql.registry.SQLPresentationDescriptor;DataClass;class
dbeaver-21.0.2;org.jkiss.dbeaver.ui.editors.sql.registry.SQLTargetConverterDescriptor;DataClass;class
dbeaver-21.0.2;org.jkiss.dbeaver.ui.editors.sql.SQLEditorSourceViewerConfiguration;DataClass;class
dbeaver-21.0.2;org.jkiss.dbeaver.ui.editors.sql.templates.SQLVariable;DataClass;class
dbeaver-21.0.2;org.jkiss.dbeaver.ui.editors.sql.util.SQLAnnotationHover;DataClass;class
dbeaver-21.0.2;org.jkiss.dbeaver.ui.editors.xml.XMLSourceViewerConfiguration;DataClass;class
dbeaver-21.0.2;org.jkiss.dbeaver.tools.project.ProjectCreateData;DataClass;class
dbeaver-21.0.2;org.jkiss.dbeaver.ui.navigator.database.DatabaseNavigatorLabelProvider;DataClass;class
dbeaver-21.0.2;org.jkiss.dbeaver.ui.navigator.itemlist.ObjectListControl.ObjectColumnLabelProvider;DataClass;class
dbeaver-21.0.2;org.jkiss.dbeaver.ui.search.metadata.SearchMetadataParams;DataClass;class
dbeaver-21.0.2;org.jkiss.dbeaver.model.impl.data.transformers.EpochTimeAttributeTransformerTest.DBDAttributeBindingTestDouble;DataClass;class
