arthas-arthas-all-3.4.3;arthas-arthas-all-3.4.3\.mvn\wrapper\MavenWrapperDownloader;LongMethod;method
arthas-arthas-all-3.4.3;com.taobao.arthas.agent334.AgentBootstrap.main;LongMethod;method
arthas-arthas-all-3.4.3;com.taobao.arthas.agent.attach.ArthasAgent.init;LongMethod;method
arthas-arthas-all-3.4.3;com.taobao.arthas.boot.Bootstrap.main;LongMethod;method
arthas-arthas-all-3.4.3;com.taobao.arthas.boot.Bootstrap.findProcessByTelnetClient;LongMethod;method
arthas-arthas-all-3.4.3;com.taobao.arthas.boot.DownloadUtils.saveUrl;LongMethod;method
arthas-arthas-all-3.4.3;com.taobao.arthas.boot.ProcessUtils.select;LongMethod;method
arthas-arthas-all-3.4.3;com.taobao.arthas.boot.ProcessUtils.startArthasCore;LongMethod;method
arthas-arthas-all-3.4.3;com.taobao.arthas.boot.ProcessUtils.findJps;LongMethod;method
arthas-arthas-all-3.4.3;com.taobao.arthas.bytekit.asm.inst.impl.InstrumentImpl.replaceInvokeOrigin;LongMethod;method
arthas-arthas-all-3.4.3;com.taobao.arthas.bytekit.asm.interceptor.annotation.ExceptionHandlerUtils.errorHandlerMethodConfig;LongMethod;method
arthas-arthas-all-3.4.3;com.taobao.arthas.bytekit.asm.interceptor.InterceptorProcessor.process;LongMethod;method
arthas-arthas-all-3.4.3;com.taobao.arthas.bytekit.asm.location.InvokeLocationMatcher.matchForException;LongMethod;method
arthas-arthas-all-3.4.3;com.taobao.arthas.bytekit.asm.location.Location.InvokeLocation.getStackSaver;LongMethod;method
arthas-arthas-all-3.4.3;com.taobao.arthas.bytekit.asm.MethodProcessor.unbox;LongMethod;method
arthas-arthas-all-3.4.3;com.taobao.arthas.bytekit.asm.MethodProcessor.inline;LongMethod;method
arthas-arthas-all-3.4.3;com.taobao.arthas.bytekit.asm.TypeHelper.equalDescriptors;LongMethod;method
arthas-arthas-all-3.4.3;com.taobao.arthas.bytekit.asm.TypeHelper.internalizeDescriptor;LongMethod;method
arthas-arthas-all-3.4.3;com.taobao.arthas.bytekit.utils.AsmOpUtils.unbox;LongMethod;method
arthas-arthas-all-3.4.3;com.taobao.arthas.bytekit.utils.AsmUtils.getParameterNames;LongMethod;method
arthas-arthas-all-3.4.3;com.taobao.arthas.bytekit.utils.AsmUtils.methodDeclaration;LongMethod;method
arthas-arthas-all-3.4.3;com.taobao.arthas.bytekit.utils.MatchUtils.wildcardMatch;LongMethod;method
arthas-arthas-all-3.4.3;com.example.ByteKitDemo.main;LongMethod;method
arthas-arthas-all-3.4.3;com.taobao.arthas.bytekit.asm.inst.InstDemoTest.test;LongMethod;method
arthas-arthas-all-3.4.3;com.taobao.arthas.bytekit.asm.location.filter.GroupFilterTest.test;LongMethod;method
arthas-arthas-all-3.4.3;com.taobao.arthas.bytekit.asm.location.filter.GroupFilterTest.test2;LongMethod;method
arthas-arthas-all-3.4.3;com.taobao.arthas.bytekit.asm.location.filter.InvokeCheckLocationFilterTest.test;LongMethod;method
arthas-arthas-all-3.4.3;com.taobao.arthas.bytekit.asm.location.filter.InvokeCheckLocationFilterTest.test2;LongMethod;method
arthas-arthas-all-3.4.3;com.taobao.arthas.bytekit.asm.location.filter.InvokeContainLocationFilterTest.test;LongMethod;method
arthas-arthas-all-3.4.3;com.taobao.arthas.bytekit.asm.TryCatchBlockTest.test;LongMethod;method
arthas-arthas-all-3.4.3;com.taobao.arthas.client.IOUtil.readWrite;LongMethod;method
arthas-arthas-all-3.4.3;com.taobao.arthas.client.TelnetConsole.process;LongMethod;method
arthas-arthas-all-3.4.3;com.taobao.arthas.client.TelnetConsole.batchModeRun;LongMethod;method
arthas-arthas-all-3.4.3;org.apache.commons.net.telnet.TelnetInputStream.__read;LongMethod;method
arthas-arthas-all-3.4.3;org.apache.commons.net.telnet.TelnetInputStream.read;LongMethod;method
arthas-arthas-all-3.4.3;org.apache.commons.net.telnet.TelnetInputStream.run;LongMethod;method
arthas-arthas-all-3.4.3;org.apache.commons.net.telnet.TelnetOutputStream.write;LongMethod;method
arthas-arthas-all-3.4.3;com.taobao.arthas.common.concurrent.ConcurrentWeakKeyHashMap.size;LongMethod;method
arthas-arthas-all-3.4.3;com.taobao.arthas.common.concurrent.ConcurrentWeakKeyHashMap.containsValue;LongMethod;method
arthas-arthas-all-3.4.3;com.taobao.arthas.common.concurrent.ConcurrentWeakKeyHashMap.Segment.rehash;LongMethod;method
arthas-arthas-all-3.4.3;com.taobao.arthas.common.OSUtils.normalizeArch;LongMethod;method
arthas-arthas-all-3.4.3;com.taobao.arthas.common.ReflectUtils.defineClass;LongMethod;method
arthas-arthas-all-3.4.3;com.taobao.arthas.core.advisor.ArthasMethod.initMethod;LongMethod;method
arthas-arthas-all-3.4.3;com.taobao.arthas.core.advisor.Enhancer.transform;LongMethod;method
arthas-arthas-all-3.4.3;com.taobao.arthas.core.Arthas.parse;LongMethod;method
arthas-arthas-all-3.4.3;com.taobao.arthas.core.command.basic1000.OptionsCommand.processChangeNameValue;LongMethod;method
arthas-arthas-all-3.4.3;com.taobao.arthas.core.command.BuiltinCommandPack.initCommands;LongMethod;method
arthas-arthas-all-3.4.3;com.taobao.arthas.core.command.klass100.ClassLoaderCommand.process;LongMethod;method
arthas-arthas-all-3.4.3;com.taobao.arthas.core.command.klass100.ClassLoaderCommand.getAllClasses;LongMethod;method
arthas-arthas-all-3.4.3;com.taobao.arthas.core.command.klass100.ClassLoaderCommand.getAllClassLoaderInfo;LongMethod;method
arthas-arthas-all-3.4.3;com.taobao.arthas.core.command.klass100.DumpClassCommand.process;LongMethod;method
arthas-arthas-all-3.4.3;com.taobao.arthas.core.command.klass100.GetStaticCommand.process;LongMethod;method
arthas-arthas-all-3.4.3;com.taobao.arthas.core.command.klass100.JadCommand.process;LongMethod;method
arthas-arthas-all-3.4.3;com.taobao.arthas.core.command.klass100.MemoryCompilerCommand.process;LongMethod;method
arthas-arthas-all-3.4.3;com.taobao.arthas.core.command.klass100.OgnlCommand.process;LongMethod;method
arthas-arthas-all-3.4.3;com.taobao.arthas.core.command.klass100.RedefineCommand.process;LongMethod;method
arthas-arthas-all-3.4.3;com.taobao.arthas.core.command.klass100.SearchClassCommand.process;LongMethod;method
arthas-arthas-all-3.4.3;com.taobao.arthas.core.command.klass100.SearchMethodCommand.process;LongMethod;method
arthas-arthas-all-3.4.3;com.taobao.arthas.core.command.logger.LoggerCommand.loggers;LongMethod;method
arthas-arthas-all-3.4.3;com.taobao.arthas.core.command.monitor200.DashboardCommand.addTomcatInfo;LongMethod;method
arthas-arthas-all-3.4.3;com.taobao.arthas.core.command.monitor200.EnhancerCommand.enhance;LongMethod;method
arthas-arthas-all-3.4.3;com.taobao.arthas.core.command.monitor200.MBeanCommand.MBeanTimerTask.run;LongMethod;method
arthas-arthas-all-3.4.3;com.taobao.arthas.core.command.monitor200.ProfilerCommand.process;LongMethod;method
arthas-arthas-all-3.4.3;com.taobao.arthas.core.command.monitor200.ThreadSampler.sample;LongMethod;method
arthas-arthas-all-3.4.3;com.taobao.arthas.core.command.monitor200.TimeTunnelCommand.processPlay;LongMethod;method
arthas-arthas-all-3.4.3;com.taobao.arthas.core.command.view.LoggerView.renderLoggerInfo;LongMethod;method
arthas-arthas-all-3.4.3;com.taobao.arthas.core.command.view.ResultViewResolver.initResultViews;LongMethod;method
arthas-arthas-all-3.4.3;com.taobao.arthas.core.command.view.ThreadView.draw;LongMethod;method
arthas-arthas-all-3.4.3;com.taobao.arthas.core.command.view.TimeTunnelView.draw;LongMethod;method
arthas-arthas-all-3.4.3;com.taobao.arthas.core.config.BinderUtils.inject;LongMethod;method
arthas-arthas-all-3.4.3;com.taobao.arthas.core.distribution.impl.ResultConsumerImpl.pollResults;LongMethod;method
arthas-arthas-all-3.4.3;com.taobao.arthas.core.distribution.ResultConsumerHelper.getItemCount;LongMethod;method
arthas-arthas-all-3.4.3;com.taobao.arthas.core.env.convert.DefaultConversionService.objectiveClass;LongMethod;method
arthas-arthas-all-3.4.3;com.taobao.arthas.core.env.PropertyPlaceholderHelper.parseStringValue;LongMethod;method
arthas-arthas-all-3.4.3;com.taobao.arthas.core.server.ArthasBootstrap.bind;LongMethod;method
arthas-arthas-all-3.4.3;com.taobao.arthas.core.shell.cli.CompletionUtils.completeFilePath;LongMethod;method
arthas-arthas-all-3.4.3;com.taobao.arthas.core.shell.command.internal.GrepHandler.apply;LongMethod;method
arthas-arthas-all-3.4.3;com.taobao.arthas.core.shell.system.impl.JobControllerImpl.createCommandProcess;LongMethod;method
arthas-arthas-all-3.4.3;com.taobao.arthas.core.shell.system.impl.ProcessImpl.run;LongMethod;method
arthas-arthas-all-3.4.3;com.taobao.arthas.core.shell.term.impl.http.api.HttpApiHandler.handle;LongMethod;method
arthas-arthas-all-3.4.3;com.taobao.arthas.core.shell.term.impl.http.api.HttpApiHandler.processRequest;LongMethod;method
arthas-arthas-all-3.4.3;com.taobao.arthas.core.shell.term.impl.http.api.HttpApiHandler.processExecRequest;LongMethod;method
arthas-arthas-all-3.4.3;com.taobao.arthas.core.shell.term.impl.http.api.HttpApiHandler.processAsyncExecRequest;LongMethod;method
arthas-arthas-all-3.4.3;com.taobao.arthas.core.shell.term.impl.http.DirectoryBrowser.renderDir;LongMethod;method
arthas-arthas-all-3.4.3;com.taobao.arthas.core.shell.term.impl.http.HttpRequestHandler.channelRead0;LongMethod;method
arthas-arthas-all-3.4.3;com.taobao.arthas.core.util.LogUtil.initLooger;LongMethod;method
arthas-arthas-all-3.4.3;com.taobao.arthas.core.util.matcher.WildcardMatcher.match;LongMethod;method
arthas-arthas-all-3.4.3;com.taobao.arthas.core.util.reflect.ArthasReflectUtils.getClasses;LongMethod;method
arthas-arthas-all-3.4.3;com.taobao.arthas.core.util.reflect.ArthasReflectUtils.valueOf;LongMethod;method
arthas-arthas-all-3.4.3;com.taobao.arthas.core.util.ThreadUtil.findMostBlockingLock;LongMethod;method
arthas-arthas-all-3.4.3;com.taobao.arthas.core.util.ThreadUtil.getFullStacktrace;LongMethod;method
arthas-arthas-all-3.4.3;com.taobao.arthas.core.util.ThreadUtil.getFullStacktrace;LongMethod;method
arthas-arthas-all-3.4.3;com.taobao.arthas.core.util.usage.StyledUsageFormatter.usage;LongMethod;method
arthas-arthas-all-3.4.3;com.taobao.arthas.core.view.ObjectView.renderObject;LongMethod;method
arthas-arthas-all-3.4.3;com.taobao.arthas.core.view.TableView.drawRow;LongMethod;method
arthas-arthas-all-3.4.3;com.taobao.arthas.core.advisor.EnhancerTest.test;LongMethod;method
arthas-arthas-all-3.4.3;com.alibaba.arthas.tunnel.client.ForwardClient.start;LongMethod;method
arthas-arthas-all-3.4.3;com.alibaba.arthas.tunnel.client.ForwardClientSocketClientHandler.connectLocalServer;LongMethod;method
arthas-arthas-all-3.4.3;com.alibaba.arthas.tunnel.client.TunnelClient.connect;LongMethod;method
arthas-arthas-all-3.4.3;com.alibaba.arthas.tunnel.server.TunnelSocketFrameHandler.connectArthas;LongMethod;method
