easyexcel-2.2.11;com.alibaba.excel.analysis.ExcelAnalyserImpl.choiceExcelExecutor;LongMethod;method
easyexcel-2.2.11;com.alibaba.excel.analysis.ExcelAnalyserImpl.finish;LongMethod;method
easyexcel-2.2.11;com.alibaba.excel.analysis.v03.handlers.FormulaRecordHandler.processRecord;LongMethod;method
easyexcel-2.2.11;com.alibaba.excel.analysis.v07.handlers.CellTagHandler.endElement;LongMethod;method
easyexcel-2.2.11;com.alibaba.excel.context.WriteContextImpl.finish;LongMethod;method
easyexcel-2.2.11;com.alibaba.excel.converters.DefaultConverterLoader.initAllConverter;LongMethod;method
easyexcel-2.2.11;com.alibaba.excel.metadata.format.DataFormatter.createFormat;LongMethod;method
easyexcel-2.2.11;com.alibaba.excel.metadata.format.DataFormatter.createDateFormat;LongMethod;method
easyexcel-2.2.11;com.alibaba.excel.read.listener.ModelBuildEventListener.buildStringList;LongMethod;method
easyexcel-2.2.11;com.alibaba.excel.read.metadata.holder.AbstractReadHolder.AbstractReadHolder;LongMethod;method
easyexcel-2.2.11;com.alibaba.excel.read.metadata.holder.ReadWorkbookHolder.ReadWorkbookHolder;LongMethod;method
easyexcel-2.2.11;com.alibaba.excel.read.processor.DefaultAnalysisEventProcessor.buildHead;LongMethod;method
easyexcel-2.2.11;com.alibaba.excel.util.DateUtils.isADateFormatUncached;LongMethod;method
easyexcel-2.2.11;com.alibaba.excel.util.DateUtils.isInternalDateFormat;LongMethod;method
easyexcel-2.2.11;com.alibaba.excel.util.StyleUtil.buildCellStyle;LongMethod;method
easyexcel-2.2.11;com.alibaba.excel.util.StyleUtil.buildFont;LongMethod;method
easyexcel-2.2.11;com.alibaba.excel.write.executor.ExcelWriteAddExecutor.addJavaObjectToExcel;LongMethod;method
easyexcel-2.2.11;com.alibaba.excel.write.executor.ExcelWriteFillExecutor.doFill;LongMethod;method
easyexcel-2.2.11;com.alibaba.excel.write.executor.ExcelWriteFillExecutor.getOneCell;LongMethod;method
easyexcel-2.2.11;com.alibaba.excel.write.executor.ExcelWriteFillExecutor.prepareData;LongMethod;method
easyexcel-2.2.11;com.alibaba.excel.write.metadata.holder.AbstractWriteHolder.AbstractWriteHolder;LongMethod;method
easyexcel-2.2.11;com.alibaba.excel.write.metadata.holder.AbstractWriteHolder.sortAndClearUpHandler;LongMethod;method
easyexcel-2.2.11;com.alibaba.excel.write.metadata.holder.WriteWorkbookHolder.WriteWorkbookHolder;LongMethod;method
easyexcel-2.2.11;com.alibaba.excel.write.metadata.style.WriteCellStyle.build;LongMethod;method
easyexcel-2.2.11;com.alibaba.excel.write.property.ExcelWriteHeadProperty.ExcelWriteHeadProperty;LongMethod;method
easyexcel-2.2.11;com.alibaba.excel.write.property.ExcelWriteHeadProperty.headCellRangeList;LongMethod;method
