hutool-5.7.17;cn.hutool.aop.aspects.TimeIntervalAspect;RefusedBequest;class
hutool-5.7.17;cn.hutool.captcha.generator.RandomGenerator;RefusedBequest;class
hutool-5.7.17;cn.hutool.core.bean.BeanException;RefusedBequest;class
hutool-5.7.17;cn.hutool.core.clone.CloneRuntimeException;RefusedBequest;class
hutool-5.7.17;cn.hutool.core.collection.AvgPartition;RefusedBequest;class
hutool-5.7.17;cn.hutool.core.comparator.ComparatorException;RefusedBequest;class
hutool-5.7.17;cn.hutool.core.compiler.CompilerException;RefusedBequest;class
hutool-5.7.17;cn.hutool.core.convert.ConvertException;RefusedBequest;class
hutool-5.7.17;cn.hutool.core.convert.impl.NumberConverter;RefusedBequest;class
hutool-5.7.17;cn.hutool.core.date.DateException;RefusedBequest;class
hutool-5.7.17;cn.hutool.core.date.format.FastDateParser.PatternStrategy;RefusedBequest;class
hutool-5.7.17;cn.hutool.core.date.format.FastDateParser.CopyQuotedStrategy;RefusedBequest;class
hutool-5.7.17;cn.hutool.core.date.format.FastDateParser.NumberStrategy;RefusedBequest;class
hutool-5.7.17;cn.hutool.core.exceptions.DependencyException;RefusedBequest;class
hutool-5.7.17;cn.hutool.core.exceptions.NotInitedException;RefusedBequest;class
hutool-5.7.17;cn.hutool.core.exceptions.StatefulException;RefusedBequest;class
hutool-5.7.17;cn.hutool.core.exceptions.UtilException;RefusedBequest;class
hutool-5.7.17;cn.hutool.core.exceptions.ValidateException;RefusedBequest;class
hutool-5.7.17;cn.hutool.core.io.AppendableWriter;RefusedBequest;class
hutool-5.7.17;cn.hutool.core.io.copy.ChannelCopier;RefusedBequest;class
hutool-5.7.17;cn.hutool.core.io.copy.ReaderWriterCopier;RefusedBequest;class
hutool-5.7.17;cn.hutool.core.io.copy.StreamCopier;RefusedBequest;class
hutool-5.7.17;cn.hutool.core.io.FastByteArrayOutputStream;RefusedBequest;class
hutool-5.7.17;cn.hutool.core.io.FastStringWriter;RefusedBequest;class
hutool-5.7.17;cn.hutool.core.io.file.visitor.DelVisitor;RefusedBequest;class
hutool-5.7.17;cn.hutool.core.io.IORuntimeException;RefusedBequest;class
hutool-5.7.17;cn.hutool.core.io.NullOutputStream;RefusedBequest;class
hutool-5.7.17;cn.hutool.core.io.resource.NoResourceException;RefusedBequest;class
hutool-5.7.17;cn.hutool.core.io.watch.WatchException;RefusedBequest;class
hutool-5.7.17;cn.hutool.core.lang.hash.Number128;RefusedBequest;class
hutool-5.7.17;cn.hutool.core.lang.mutable.MutableByte;RefusedBequest;class
hutool-5.7.17;cn.hutool.core.lang.mutable.MutableDouble;RefusedBequest;class
hutool-5.7.17;cn.hutool.core.lang.mutable.MutableFloat;RefusedBequest;class
hutool-5.7.17;cn.hutool.core.lang.mutable.MutableInt;RefusedBequest;class
hutool-5.7.17;cn.hutool.core.lang.mutable.MutableLong;RefusedBequest;class
hutool-5.7.17;cn.hutool.core.lang.mutable.MutableShort;RefusedBequest;class
hutool-5.7.17;cn.hutool.core.net.DefaultTrustManager;RefusedBequest;class
hutool-5.7.17;cn.hutool.core.text.escape.Html4Escape;RefusedBequest;class
hutool-5.7.17;cn.hutool.core.text.escape.Html4Unescape;RefusedBequest;class
hutool-5.7.17;cn.hutool.core.text.escape.NumericEntityUnescaper;RefusedBequest;class
hutool-5.7.17;cn.hutool.core.thread.DelegatedExecutorService;RefusedBequest;class
hutool-5.7.17;cn.hutool.core.thread.ThreadException;RefusedBequest;class
hutool-5.7.17;cn.hutool.cron.CronException;RefusedBequest;class
hutool-5.7.17;cn.hutool.cron.pattern.parser.SecondValueParser;RefusedBequest;class
hutool-5.7.17;cn.hutool.crypto.asymmetric.AsymmetricCrypto;RefusedBequest;class
hutool-5.7.17;cn.hutool.crypto.CryptoException;RefusedBequest;class
hutool-5.7.17;cn.hutool.db.DbRuntimeException;RefusedBequest;class
hutool-5.7.17;cn.hutool.extra.compress.CompressException;RefusedBequest;class
hutool-5.7.17;cn.hutool.extra.expression.ExpressionException;RefusedBequest;class
hutool-5.7.17;cn.hutool.extra.ftp.Ftp;RefusedBequest;class
hutool-5.7.17;cn.hutool.extra.ftp.FtpException;RefusedBequest;class
hutool-5.7.17;cn.hutool.extra.mail.MailException;RefusedBequest;class
hutool-5.7.17;cn.hutool.extra.pinyin.PinyinException;RefusedBequest;class
hutool-5.7.17;cn.hutool.extra.qrcode.QrCodeException;RefusedBequest;class
hutool-5.7.17;cn.hutool.extra.ssh.JschRuntimeException;RefusedBequest;class
hutool-5.7.17;cn.hutool.extra.ssh.Sftp;RefusedBequest;class
hutool-5.7.17;cn.hutool.extra.template.TemplateException;RefusedBequest;class
hutool-5.7.17;cn.hutool.extra.tokenizer.TokenizerException;RefusedBequest;class
hutool-5.7.17;cn.hutool.http.HttpException;RefusedBequest;class
hutool-5.7.17;cn.hutool.http.HttpInputStream;RefusedBequest;class
hutool-5.7.17;cn.hutool.http.server.filter.SimpleFilter;RefusedBequest;class
hutool-5.7.17;cn.hutool.http.webservice.SoapRuntimeException;RefusedBequest;class
hutool-5.7.17;cn.hutool.json.JSONException;RefusedBequest;class
hutool-5.7.17;cn.hutool.jwt.JWTException;RefusedBequest;class
hutool-5.7.17;cn.hutool.poi.exceptions.POIException;RefusedBequest;class
hutool-5.7.17;cn.hutool.script.JavaScriptEngine;RefusedBequest;class
hutool-5.7.17;cn.hutool.script.ScriptRuntimeException;RefusedBequest;class
hutool-5.7.17;cn.hutool.setting.SettingRuntimeException;RefusedBequest;class
hutool-5.7.17;cn.hutool.socket.SocketRuntimeException;RefusedBequest;class
