rocketmq-rocketmq-all-4.9.2;org.apache.rocketmq.acl.common.AclException.AclException;LongParameterList;method
rocketmq-rocketmq-all-4.9.2;org.apache.rocketmq.acl.common.AclSigner.calSignature;LongParameterList;method
rocketmq-rocketmq-all-4.9.2;org.apache.rocketmq.acl.common.AclSigner.signAndBase64Encode;LongParameterList;method
rocketmq-rocketmq-all-4.9.2;org.apache.rocketmq.acl.common.AclSigner.calSignature;LongParameterList;method
rocketmq-rocketmq-all-4.9.2;org.apache.rocketmq.acl.common.AclSigner.signAndBase64Encode;LongParameterList;method
rocketmq-rocketmq-all-4.9.2;org.apache.rocketmq.acl.plain.RemoteAddressStrategyTest.rangeNetaddressStrategyTest;LongParameterList;method
rocketmq-rocketmq-all-4.9.2;org.apache.rocketmq.acl.plain.RemoteAddressStrategyTest.rangeNetaddressStrategyThirdlyTest;LongParameterList;method
rocketmq-rocketmq-all-4.9.2;org.apache.rocketmq.acl.plain.RemoteAddressStrategyTest.rangeIPv6NetaddressStrategyTest;LongParameterList;method
rocketmq-rocketmq-all-4.9.2;org.apache.rocketmq.broker.BrokerController.BrokerController;LongParameterList;method
rocketmq-rocketmq-all-4.9.2;org.apache.rocketmq.broker.BrokerController.needRegister;LongParameterList;method
rocketmq-rocketmq-all-4.9.2;org.apache.rocketmq.broker.client.ClientChannelInfo.ClientChannelInfo;LongParameterList;method
rocketmq-rocketmq-all-4.9.2;org.apache.rocketmq.broker.client.ConsumerGroupInfo.ConsumerGroupInfo;LongParameterList;method
rocketmq-rocketmq-all-4.9.2;org.apache.rocketmq.broker.client.ConsumerGroupInfo.updateChannel;LongParameterList;method
rocketmq-rocketmq-all-4.9.2;org.apache.rocketmq.broker.client.ConsumerManager.registerConsumer;LongParameterList;method
rocketmq-rocketmq-all-4.9.2;org.apache.rocketmq.broker.client.net.Broker2Client.checkProducerTransactionState;LongParameterList;method
rocketmq-rocketmq-all-4.9.2;org.apache.rocketmq.broker.client.net.Broker2Client.resetOffset;LongParameterList;method
rocketmq-rocketmq-all-4.9.2;org.apache.rocketmq.broker.client.net.Broker2Client.resetOffset;LongParameterList;method
rocketmq-rocketmq-all-4.9.2;org.apache.rocketmq.broker.filter.ConsumerFilterManager.build;LongParameterList;method
rocketmq-rocketmq-all-4.9.2;org.apache.rocketmq.broker.filter.ConsumerFilterManager.register;LongParameterList;method
rocketmq-rocketmq-all-4.9.2;org.apache.rocketmq.broker.filter.ConsumerFilterManager.FilterDataMapByTopic.register;LongParameterList;method
rocketmq-rocketmq-all-4.9.2;org.apache.rocketmq.broker.latency.BrokerFixedThreadPoolExecutor.BrokerFixedThreadPoolExecutor;LongParameterList;method
rocketmq-rocketmq-all-4.9.2;org.apache.rocketmq.broker.latency.BrokerFixedThreadPoolExecutor.BrokerFixedThreadPoolExecutor;LongParameterList;method
rocketmq-rocketmq-all-4.9.2;org.apache.rocketmq.broker.latency.BrokerFixedThreadPoolExecutor.BrokerFixedThreadPoolExecutor;LongParameterList;method
rocketmq-rocketmq-all-4.9.2;org.apache.rocketmq.broker.latency.BrokerFixedThreadPoolExecutor.BrokerFixedThreadPoolExecutor;LongParameterList;method
rocketmq-rocketmq-all-4.9.2;org.apache.rocketmq.broker.longpolling.NotifyMessageArrivingListener.arriving;LongParameterList;method
rocketmq-rocketmq-all-4.9.2;org.apache.rocketmq.broker.longpolling.PullRequest.PullRequest;LongParameterList;method
rocketmq-rocketmq-all-4.9.2;org.apache.rocketmq.broker.longpolling.PullRequestHoldService.notifyMessageArriving;LongParameterList;method
rocketmq-rocketmq-all-4.9.2;org.apache.rocketmq.broker.offset.ConsumerOffsetManager.commitOffset;LongParameterList;method
rocketmq-rocketmq-all-4.9.2;org.apache.rocketmq.broker.offset.ConsumerOffsetManager.commitOffset;LongParameterList;method
rocketmq-rocketmq-all-4.9.2;org.apache.rocketmq.broker.out.BrokerOuterAPI.registerBrokerAll;LongParameterList;method
rocketmq-rocketmq-all-4.9.2;org.apache.rocketmq.broker.out.BrokerOuterAPI.registerBroker;LongParameterList;method
rocketmq-rocketmq-all-4.9.2;org.apache.rocketmq.broker.out.BrokerOuterAPI.unregisterBrokerAll;LongParameterList;method
rocketmq-rocketmq-all-4.9.2;org.apache.rocketmq.broker.out.BrokerOuterAPI.unregisterBroker;LongParameterList;method
rocketmq-rocketmq-all-4.9.2;org.apache.rocketmq.broker.out.BrokerOuterAPI.needRegister;LongParameterList;method
rocketmq-rocketmq-all-4.9.2;org.apache.rocketmq.broker.plugin.AbstractPluginMessageStore.getMessage;LongParameterList;method
rocketmq-rocketmq-all-4.9.2;org.apache.rocketmq.broker.plugin.AbstractPluginMessageStore.appendToCommitLog;LongParameterList;method
rocketmq-rocketmq-all-4.9.2;org.apache.rocketmq.broker.plugin.AbstractPluginMessageStore.queryMessage;LongParameterList;method
rocketmq-rocketmq-all-4.9.2;org.apache.rocketmq.broker.plugin.MessageStorePluginContext.MessageStorePluginContext;LongParameterList;method
rocketmq-rocketmq-all-4.9.2;org.apache.rocketmq.broker.processor.AbstractSendMessageProcessor.buildInnerMsg;LongParameterList;method
rocketmq-rocketmq-all-4.9.2;org.apache.rocketmq.broker.processor.AbstractSendMessageProcessor.msgContentCheck;LongParameterList;method
rocketmq-rocketmq-all-4.9.2;org.apache.rocketmq.broker.processor.AdminBrokerProcessor.callConsumer;LongParameterList;method
rocketmq-rocketmq-all-4.9.2;org.apache.rocketmq.broker.processor.PullMessageProcessor.readGetMessageResult;LongParameterList;method
rocketmq-rocketmq-all-4.9.2;org.apache.rocketmq.broker.processor.ReplyMessageProcessor.processReplyMessageRequest;LongParameterList;method
rocketmq-rocketmq-all-4.9.2;org.apache.rocketmq.broker.processor.ReplyMessageProcessor.handlePushReplyResult;LongParameterList;method
rocketmq-rocketmq-all-4.9.2;org.apache.rocketmq.broker.processor.ReplyMessageProcessor.handlePutMessageResult;LongParameterList;method
rocketmq-rocketmq-all-4.9.2;org.apache.rocketmq.broker.processor.SendMessageProcessor.asyncSendMessage;LongParameterList;method
rocketmq-rocketmq-all-4.9.2;org.apache.rocketmq.broker.processor.SendMessageProcessor.handlePutMessageResultFuture;LongParameterList;method
rocketmq-rocketmq-all-4.9.2;org.apache.rocketmq.broker.processor.SendMessageProcessor.handleRetryAndDLQ;LongParameterList;method
rocketmq-rocketmq-all-4.9.2;org.apache.rocketmq.broker.processor.SendMessageProcessor.sendMessage;LongParameterList;method
rocketmq-rocketmq-all-4.9.2;org.apache.rocketmq.broker.processor.SendMessageProcessor.handlePutMessageResult;LongParameterList;method
rocketmq-rocketmq-all-4.9.2;org.apache.rocketmq.broker.processor.SendMessageProcessor.asyncSendBatchMessage;LongParameterList;method
rocketmq-rocketmq-all-4.9.2;org.apache.rocketmq.broker.topic.TopicConfigManager.createTopicInSendMessageMethod;LongParameterList;method
rocketmq-rocketmq-all-4.9.2;org.apache.rocketmq.broker.topic.TopicConfigManager.createTopicInSendMessageBackMethod;LongParameterList;method
rocketmq-rocketmq-all-4.9.2;org.apache.rocketmq.broker.transaction.queue.TransactionalMessageBridge.getMessage;LongParameterList;method
rocketmq-rocketmq-all-4.9.2;org.apache.rocketmq.broker.transaction.queue.TransactionalMessageServiceImpl.fillOpRemoveMap;LongParameterList;method
rocketmq-rocketmq-all-4.9.2;org.apache.rocketmq.broker.filter.MessageStoreWithFilterTest.buildStoreConfig;LongParameterList;method
rocketmq-rocketmq-all-4.9.2;org.apache.rocketmq.broker.transaction.queue.TransactionalMessageServiceImplTest.createDiscardPullResult;LongParameterList;method
rocketmq-rocketmq-all-4.9.2;org.apache.rocketmq.broker.transaction.queue.TransactionalMessageServiceImplTest.createPullResult;LongParameterList;method
rocketmq-rocketmq-all-4.9.2;org.apache.rocketmq.broker.transaction.queue.TransactionalMessageServiceImplTest.createOpPulResult;LongParameterList;method
rocketmq-rocketmq-all-4.9.2;org.apache.rocketmq.broker.transaction.queue.TransactionalMessageServiceImplTest.createImmunityPulResult;LongParameterList;method
rocketmq-rocketmq-all-4.9.2;org.apache.rocketmq.broker.transaction.queue.TransactionalMessageServiceImplTest.getMessageList;LongParameterList;method
rocketmq-rocketmq-all-4.9.2;org.apache.rocketmq.client.consumer.AllocateMessageQueueStrategy.allocate;LongParameterList;method
rocketmq-rocketmq-all-4.9.2;org.apache.rocketmq.client.consumer.DefaultMQPullConsumer.createTopic;LongParameterList;method
rocketmq-rocketmq-all-4.9.2;org.apache.rocketmq.client.consumer.DefaultMQPullConsumer.queryMessage;LongParameterList;method
rocketmq-rocketmq-all-4.9.2;org.apache.rocketmq.client.consumer.DefaultMQPullConsumer.pull;LongParameterList;method
rocketmq-rocketmq-all-4.9.2;org.apache.rocketmq.client.consumer.DefaultMQPullConsumer.pull;LongParameterList;method
rocketmq-rocketmq-all-4.9.2;org.apache.rocketmq.client.consumer.DefaultMQPullConsumer.pull;LongParameterList;method
rocketmq-rocketmq-all-4.9.2;org.apache.rocketmq.client.consumer.DefaultMQPullConsumer.pull;LongParameterList;method
rocketmq-rocketmq-all-4.9.2;org.apache.rocketmq.client.consumer.DefaultMQPullConsumer.pull;LongParameterList;method
rocketmq-rocketmq-all-4.9.2;org.apache.rocketmq.client.consumer.DefaultMQPullConsumer.pull;LongParameterList;method
rocketmq-rocketmq-all-4.9.2;org.apache.rocketmq.client.consumer.DefaultMQPullConsumer.pull;LongParameterList;method
rocketmq-rocketmq-all-4.9.2;org.apache.rocketmq.client.consumer.DefaultMQPullConsumer.pull;LongParameterList;method
rocketmq-rocketmq-all-4.9.2;org.apache.rocketmq.client.consumer.DefaultMQPullConsumer.pullBlockIfNotFound;LongParameterList;method
rocketmq-rocketmq-all-4.9.2;org.apache.rocketmq.client.consumer.DefaultMQPullConsumer.pullBlockIfNotFound;LongParameterList;method
rocketmq-rocketmq-all-4.9.2;org.apache.rocketmq.client.consumer.DefaultMQPullConsumer.sendMessageBack;LongParameterList;method
rocketmq-rocketmq-all-4.9.2;org.apache.rocketmq.client.consumer.DefaultMQPushConsumer.DefaultMQPushConsumer;LongParameterList;method
rocketmq-rocketmq-all-4.9.2;org.apache.rocketmq.client.consumer.DefaultMQPushConsumer.DefaultMQPushConsumer;LongParameterList;method
rocketmq-rocketmq-all-4.9.2;org.apache.rocketmq.client.consumer.DefaultMQPushConsumer.DefaultMQPushConsumer;LongParameterList;method
rocketmq-rocketmq-all-4.9.2;org.apache.rocketmq.client.consumer.DefaultMQPushConsumer.createTopic;LongParameterList;method
rocketmq-rocketmq-all-4.9.2;org.apache.rocketmq.client.consumer.DefaultMQPushConsumer.queryMessage;LongParameterList;method
rocketmq-rocketmq-all-4.9.2;org.apache.rocketmq.client.consumer.MQPullConsumer.pull;LongParameterList;method
rocketmq-rocketmq-all-4.9.2;org.apache.rocketmq.client.consumer.MQPullConsumer.pull;LongParameterList;method
rocketmq-rocketmq-all-4.9.2;org.apache.rocketmq.client.consumer.MQPullConsumer.pull;LongParameterList;method
rocketmq-rocketmq-all-4.9.2;org.apache.rocketmq.client.consumer.MQPullConsumer.pull;LongParameterList;method
rocketmq-rocketmq-all-4.9.2;org.apache.rocketmq.client.consumer.MQPullConsumer.pull;LongParameterList;method
rocketmq-rocketmq-all-4.9.2;org.apache.rocketmq.client.consumer.MQPullConsumer.pull;LongParameterList;method
rocketmq-rocketmq-all-4.9.2;org.apache.rocketmq.client.consumer.MQPullConsumer.pull;LongParameterList;method
rocketmq-rocketmq-all-4.9.2;org.apache.rocketmq.client.consumer.MQPullConsumer.pull;LongParameterList;method
rocketmq-rocketmq-all-4.9.2;org.apache.rocketmq.client.consumer.MQPullConsumer.pullBlockIfNotFound;LongParameterList;method
rocketmq-rocketmq-all-4.9.2;org.apache.rocketmq.client.consumer.MQPullConsumer.pullBlockIfNotFound;LongParameterList;method
rocketmq-rocketmq-all-4.9.2;org.apache.rocketmq.client.consumer.MQPullConsumer.sendMessageBack;LongParameterList;method
rocketmq-rocketmq-all-4.9.2;org.apache.rocketmq.client.consumer.PullResult.PullResult;LongParameterList;method
rocketmq-rocketmq-all-4.9.2;org.apache.rocketmq.client.consumer.rebalance.AllocateMachineRoomNearby.allocate;LongParameterList;method
rocketmq-rocketmq-all-4.9.2;org.apache.rocketmq.client.consumer.rebalance.AllocateMessageQueueAveragely.allocate;LongParameterList;method
rocketmq-rocketmq-all-4.9.2;org.apache.rocketmq.client.consumer.rebalance.AllocateMessageQueueAveragelyByCircle.allocate;LongParameterList;method
rocketmq-rocketmq-all-4.9.2;org.apache.rocketmq.client.consumer.rebalance.AllocateMessageQueueByConfig.allocate;LongParameterList;method
rocketmq-rocketmq-all-4.9.2;org.apache.rocketmq.client.consumer.rebalance.AllocateMessageQueueByMachineRoom.allocate;LongParameterList;method
rocketmq-rocketmq-all-4.9.2;org.apache.rocketmq.client.consumer.rebalance.AllocateMessageQueueConsistentHash.allocate;LongParameterList;method
rocketmq-rocketmq-all-4.9.2;org.apache.rocketmq.client.impl.consumer.ConsumeMessageConcurrentlyService.submitConsumeRequest;LongParameterList;method
rocketmq-rocketmq-all-4.9.2;org.apache.rocketmq.client.impl.consumer.ConsumeMessageOrderlyService.submitConsumeRequest;LongParameterList;method
rocketmq-rocketmq-all-4.9.2;org.apache.rocketmq.client.impl.consumer.ConsumeMessageOrderlyService.processConsumeResult;LongParameterList;method
rocketmq-rocketmq-all-4.9.2;org.apache.rocketmq.client.impl.consumer.ConsumeMessageService.submitConsumeRequest;LongParameterList;method
rocketmq-rocketmq-all-4.9.2;org.apache.rocketmq.client.impl.consumer.DefaultLitePullConsumerImpl.pull;LongParameterList;method
rocketmq-rocketmq-all-4.9.2;org.apache.rocketmq.client.impl.consumer.DefaultLitePullConsumerImpl.pull;LongParameterList;method
rocketmq-rocketmq-all-4.9.2;org.apache.rocketmq.client.impl.consumer.DefaultLitePullConsumerImpl.pullSyncImpl;LongParameterList;method
rocketmq-rocketmq-all-4.9.2;org.apache.rocketmq.client.impl.consumer.DefaultMQPullConsumerImpl.createTopic;LongParameterList;method
rocketmq-rocketmq-all-4.9.2;org.apache.rocketmq.client.impl.consumer.DefaultMQPullConsumerImpl.pull;LongParameterList;method
rocketmq-rocketmq-all-4.9.2;org.apache.rocketmq.client.impl.consumer.DefaultMQPullConsumerImpl.pull;LongParameterList;method
rocketmq-rocketmq-all-4.9.2;org.apache.rocketmq.client.impl.consumer.DefaultMQPullConsumerImpl.pull;LongParameterList;method
rocketmq-rocketmq-all-4.9.2;org.apache.rocketmq.client.impl.consumer.DefaultMQPullConsumerImpl.pull;LongParameterList;method
rocketmq-rocketmq-all-4.9.2;org.apache.rocketmq.client.impl.consumer.DefaultMQPullConsumerImpl.pullSyncImpl;LongParameterList;method
rocketmq-rocketmq-all-4.9.2;org.apache.rocketmq.client.impl.consumer.DefaultMQPullConsumerImpl.pull;LongParameterList;method
rocketmq-rocketmq-all-4.9.2;org.apache.rocketmq.client.impl.consumer.DefaultMQPullConsumerImpl.pull;LongParameterList;method
rocketmq-rocketmq-all-4.9.2;org.apache.rocketmq.client.impl.consumer.DefaultMQPullConsumerImpl.pull;LongParameterList;method
rocketmq-rocketmq-all-4.9.2;org.apache.rocketmq.client.impl.consumer.DefaultMQPullConsumerImpl.pull;LongParameterList;method
rocketmq-rocketmq-all-4.9.2;org.apache.rocketmq.client.impl.consumer.DefaultMQPullConsumerImpl.pullAsyncImpl;LongParameterList;method
rocketmq-rocketmq-all-4.9.2;org.apache.rocketmq.client.impl.consumer.DefaultMQPullConsumerImpl.pullBlockIfNotFound;LongParameterList;method
rocketmq-rocketmq-all-4.9.2;org.apache.rocketmq.client.impl.consumer.DefaultMQPullConsumerImpl.pullBlockIfNotFound;LongParameterList;method
rocketmq-rocketmq-all-4.9.2;org.apache.rocketmq.client.impl.consumer.DefaultMQPullConsumerImpl.queryMessage;LongParameterList;method
rocketmq-rocketmq-all-4.9.2;org.apache.rocketmq.client.impl.consumer.DefaultMQPullConsumerImpl.sendMessageBack;LongParameterList;method
rocketmq-rocketmq-all-4.9.2;org.apache.rocketmq.client.impl.consumer.DefaultMQPushConsumerImpl.createTopic;LongParameterList;method
rocketmq-rocketmq-all-4.9.2;org.apache.rocketmq.client.impl.consumer.DefaultMQPushConsumerImpl.queryMessage;LongParameterList;method
rocketmq-rocketmq-all-4.9.2;org.apache.rocketmq.client.impl.consumer.PullAPIWrapper.pullKernelImpl;LongParameterList;method
rocketmq-rocketmq-all-4.9.2;org.apache.rocketmq.client.impl.consumer.PullResultExt.PullResultExt;LongParameterList;method
rocketmq-rocketmq-all-4.9.2;org.apache.rocketmq.client.impl.consumer.RebalanceImpl.RebalanceImpl;LongParameterList;method
rocketmq-rocketmq-all-4.9.2;org.apache.rocketmq.client.impl.consumer.RebalanceLitePullImpl.RebalanceLitePullImpl;LongParameterList;method
rocketmq-rocketmq-all-4.9.2;org.apache.rocketmq.client.impl.consumer.RebalancePullImpl.RebalancePullImpl;LongParameterList;method
rocketmq-rocketmq-all-4.9.2;org.apache.rocketmq.client.impl.consumer.RebalancePushImpl.RebalancePushImpl;LongParameterList;method
rocketmq-rocketmq-all-4.9.2;org.apache.rocketmq.client.impl.factory.MQClientInstance.MQClientInstance;LongParameterList;method
rocketmq-rocketmq-all-4.9.2;org.apache.rocketmq.client.impl.factory.MQClientInstance.uploadFilterClassToAllFilterServer;LongParameterList;method
rocketmq-rocketmq-all-4.9.2;org.apache.rocketmq.client.impl.MQAdminImpl.createTopic;LongParameterList;method
rocketmq-rocketmq-all-4.9.2;org.apache.rocketmq.client.impl.MQAdminImpl.queryMessage;LongParameterList;method
rocketmq-rocketmq-all-4.9.2;org.apache.rocketmq.client.impl.MQAdminImpl.queryMessageByUniqKey;LongParameterList;method
rocketmq-rocketmq-all-4.9.2;org.apache.rocketmq.client.impl.MQAdminImpl.queryMessage;LongParameterList;method
rocketmq-rocketmq-all-4.9.2;org.apache.rocketmq.client.impl.MQClientAPIImpl.MQClientAPIImpl;LongParameterList;method
rocketmq-rocketmq-all-4.9.2;org.apache.rocketmq.client.impl.MQClientAPIImpl.createTopic;LongParameterList;method
rocketmq-rocketmq-all-4.9.2;org.apache.rocketmq.client.impl.MQClientAPIImpl.sendMessage;LongParameterList;method
rocketmq-rocketmq-all-4.9.2;org.apache.rocketmq.client.impl.MQClientAPIImpl.sendMessage;LongParameterList;method
rocketmq-rocketmq-all-4.9.2;org.apache.rocketmq.client.impl.MQClientAPIImpl.sendMessageSync;LongParameterList;method
rocketmq-rocketmq-all-4.9.2;org.apache.rocketmq.client.impl.MQClientAPIImpl.sendMessageAsync;LongParameterList;method
rocketmq-rocketmq-all-4.9.2;org.apache.rocketmq.client.impl.MQClientAPIImpl.onExceptionImpl;LongParameterList;method
rocketmq-rocketmq-all-4.9.2;org.apache.rocketmq.client.impl.MQClientAPIImpl.processSendResponse;LongParameterList;method
rocketmq-rocketmq-all-4.9.2;org.apache.rocketmq.client.impl.MQClientAPIImpl.pullMessage;LongParameterList;method
rocketmq-rocketmq-all-4.9.2;org.apache.rocketmq.client.impl.MQClientAPIImpl.pullMessageAsync;LongParameterList;method
rocketmq-rocketmq-all-4.9.2;org.apache.rocketmq.client.impl.MQClientAPIImpl.searchOffset;LongParameterList;method
rocketmq-rocketmq-all-4.9.2;org.apache.rocketmq.client.impl.MQClientAPIImpl.getMaxOffset;LongParameterList;method
rocketmq-rocketmq-all-4.9.2;org.apache.rocketmq.client.impl.MQClientAPIImpl.getMinOffset;LongParameterList;method
rocketmq-rocketmq-all-4.9.2;org.apache.rocketmq.client.impl.MQClientAPIImpl.getEarliestMsgStoretime;LongParameterList;method
rocketmq-rocketmq-all-4.9.2;org.apache.rocketmq.client.impl.MQClientAPIImpl.unregisterClient;LongParameterList;method
rocketmq-rocketmq-all-4.9.2;org.apache.rocketmq.client.impl.MQClientAPIImpl.endTransactionOneway;LongParameterList;method
rocketmq-rocketmq-all-4.9.2;org.apache.rocketmq.client.impl.MQClientAPIImpl.queryMessage;LongParameterList;method
rocketmq-rocketmq-all-4.9.2;org.apache.rocketmq.client.impl.MQClientAPIImpl.consumerSendMessageBack;LongParameterList;method
rocketmq-rocketmq-all-4.9.2;org.apache.rocketmq.client.impl.MQClientAPIImpl.unlockBatchMQ;LongParameterList;method
rocketmq-rocketmq-all-4.9.2;org.apache.rocketmq.client.impl.MQClientAPIImpl.getConsumeStats;LongParameterList;method
rocketmq-rocketmq-all-4.9.2;org.apache.rocketmq.client.impl.MQClientAPIImpl.deleteSubscriptionGroup;LongParameterList;method
rocketmq-rocketmq-all-4.9.2;org.apache.rocketmq.client.impl.MQClientAPIImpl.putKVConfigValue;LongParameterList;method
rocketmq-rocketmq-all-4.9.2;org.apache.rocketmq.client.impl.MQClientAPIImpl.invokeBrokerToResetOffset;LongParameterList;method
rocketmq-rocketmq-all-4.9.2;org.apache.rocketmq.client.impl.MQClientAPIImpl.invokeBrokerToResetOffset;LongParameterList;method
rocketmq-rocketmq-all-4.9.2;org.apache.rocketmq.client.impl.MQClientAPIImpl.invokeBrokerToGetConsumerStatus;LongParameterList;method
rocketmq-rocketmq-all-4.9.2;org.apache.rocketmq.client.impl.MQClientAPIImpl.queryConsumeTimeSpan;LongParameterList;method
rocketmq-rocketmq-all-4.9.2;org.apache.rocketmq.client.impl.MQClientAPIImpl.registerMessageFilterClass;LongParameterList;method
rocketmq-rocketmq-all-4.9.2;org.apache.rocketmq.client.impl.MQClientAPIImpl.getConsumerRunningInfo;LongParameterList;method
rocketmq-rocketmq-all-4.9.2;org.apache.rocketmq.client.impl.MQClientAPIImpl.consumeMessageDirectly;LongParameterList;method
rocketmq-rocketmq-all-4.9.2;org.apache.rocketmq.client.impl.MQClientAPIImpl.queryCorrectionOffset;LongParameterList;method
rocketmq-rocketmq-all-4.9.2;org.apache.rocketmq.client.impl.MQClientAPIImpl.cloneGroupOffset;LongParameterList;method
rocketmq-rocketmq-all-4.9.2;org.apache.rocketmq.client.impl.MQClientAPIImpl.viewBrokerStatsData;LongParameterList;method
rocketmq-rocketmq-all-4.9.2;org.apache.rocketmq.client.impl.MQClientAPIImpl.queryConsumeQueue;LongParameterList;method
rocketmq-rocketmq-all-4.9.2;org.apache.rocketmq.client.impl.MQClientAPIImpl.checkClientInBroker;LongParameterList;method
rocketmq-rocketmq-all-4.9.2;org.apache.rocketmq.client.impl.producer.DefaultMQProducerImpl.createTopic;LongParameterList;method
rocketmq-rocketmq-all-4.9.2;org.apache.rocketmq.client.impl.producer.DefaultMQProducerImpl.queryMessage;LongParameterList;method
rocketmq-rocketmq-all-4.9.2;org.apache.rocketmq.client.impl.producer.DefaultMQProducerImpl.sendDefaultImpl;LongParameterList;method
rocketmq-rocketmq-all-4.9.2;org.apache.rocketmq.client.impl.producer.DefaultMQProducerImpl.sendKernelImpl;LongParameterList;method
rocketmq-rocketmq-all-4.9.2;org.apache.rocketmq.client.impl.producer.DefaultMQProducerImpl.doExecuteEndTransactionHook;LongParameterList;method
rocketmq-rocketmq-all-4.9.2;org.apache.rocketmq.client.impl.producer.DefaultMQProducerImpl.send;LongParameterList;method
rocketmq-rocketmq-all-4.9.2;org.apache.rocketmq.client.impl.producer.DefaultMQProducerImpl.send;LongParameterList;method
rocketmq-rocketmq-all-4.9.2;org.apache.rocketmq.client.impl.producer.DefaultMQProducerImpl.sendSelectImpl;LongParameterList;method
rocketmq-rocketmq-all-4.9.2;org.apache.rocketmq.client.impl.producer.DefaultMQProducerImpl.send;LongParameterList;method
rocketmq-rocketmq-all-4.9.2;org.apache.rocketmq.client.impl.producer.DefaultMQProducerImpl.send;LongParameterList;method
rocketmq-rocketmq-all-4.9.2;org.apache.rocketmq.client.impl.producer.DefaultMQProducerImpl.endTransaction;LongParameterList;method
rocketmq-rocketmq-all-4.9.2;org.apache.rocketmq.client.impl.producer.DefaultMQProducerImpl.request;LongParameterList;method
rocketmq-rocketmq-all-4.9.2;org.apache.rocketmq.client.impl.producer.DefaultMQProducerImpl.request;LongParameterList;method
rocketmq-rocketmq-all-4.9.2;org.apache.rocketmq.client.impl.producer.DefaultMQProducerImpl.waitResponse;LongParameterList;method
rocketmq-rocketmq-all-4.9.2;org.apache.rocketmq.client.impl.producer.DefaultMQProducerImpl.request;LongParameterList;method
rocketmq-rocketmq-all-4.9.2;org.apache.rocketmq.client.MQAdmin.createTopic;LongParameterList;method
rocketmq-rocketmq-all-4.9.2;org.apache.rocketmq.client.MQAdmin.queryMessage;LongParameterList;method
rocketmq-rocketmq-all-4.9.2;org.apache.rocketmq.client.MQHelper.resetOffsetByTimestamp;LongParameterList;method
rocketmq-rocketmq-all-4.9.2;org.apache.rocketmq.client.MQHelper.resetOffsetByTimestamp;LongParameterList;method
rocketmq-rocketmq-all-4.9.2;org.apache.rocketmq.client.producer.DefaultMQProducer.DefaultMQProducer;LongParameterList;method
rocketmq-rocketmq-all-4.9.2;org.apache.rocketmq.client.producer.DefaultMQProducer.DefaultMQProducer;LongParameterList;method
rocketmq-rocketmq-all-4.9.2;org.apache.rocketmq.client.producer.DefaultMQProducer.send;LongParameterList;method
rocketmq-rocketmq-all-4.9.2;org.apache.rocketmq.client.producer.DefaultMQProducer.send;LongParameterList;method
rocketmq-rocketmq-all-4.9.2;org.apache.rocketmq.client.producer.DefaultMQProducer.send;LongParameterList;method
rocketmq-rocketmq-all-4.9.2;org.apache.rocketmq.client.producer.DefaultMQProducer.send;LongParameterList;method
rocketmq-rocketmq-all-4.9.2;org.apache.rocketmq.client.producer.DefaultMQProducer.request;LongParameterList;method
rocketmq-rocketmq-all-4.9.2;org.apache.rocketmq.client.producer.DefaultMQProducer.request;LongParameterList;method
rocketmq-rocketmq-all-4.9.2;org.apache.rocketmq.client.producer.DefaultMQProducer.request;LongParameterList;method
rocketmq-rocketmq-all-4.9.2;org.apache.rocketmq.client.producer.DefaultMQProducer.createTopic;LongParameterList;method
rocketmq-rocketmq-all-4.9.2;org.apache.rocketmq.client.producer.DefaultMQProducer.queryMessage;LongParameterList;method
rocketmq-rocketmq-all-4.9.2;org.apache.rocketmq.client.producer.DefaultMQProducer.send;LongParameterList;method
rocketmq-rocketmq-all-4.9.2;org.apache.rocketmq.client.producer.MQProducer.send;LongParameterList;method
rocketmq-rocketmq-all-4.9.2;org.apache.rocketmq.client.producer.MQProducer.send;LongParameterList;method
rocketmq-rocketmq-all-4.9.2;org.apache.rocketmq.client.producer.MQProducer.send;LongParameterList;method
rocketmq-rocketmq-all-4.9.2;org.apache.rocketmq.client.producer.MQProducer.send;LongParameterList;method
rocketmq-rocketmq-all-4.9.2;org.apache.rocketmq.client.producer.MQProducer.send;LongParameterList;method
rocketmq-rocketmq-all-4.9.2;org.apache.rocketmq.client.producer.MQProducer.request;LongParameterList;method
rocketmq-rocketmq-all-4.9.2;org.apache.rocketmq.client.producer.MQProducer.request;LongParameterList;method
rocketmq-rocketmq-all-4.9.2;org.apache.rocketmq.client.producer.MQProducer.request;LongParameterList;method
rocketmq-rocketmq-all-4.9.2;org.apache.rocketmq.client.producer.SendResult.SendResult;LongParameterList;method
rocketmq-rocketmq-all-4.9.2;org.apache.rocketmq.client.producer.SendResult.SendResult;LongParameterList;method
rocketmq-rocketmq-all-4.9.2;org.apache.rocketmq.client.producer.TransactionMQProducer.TransactionMQProducer;LongParameterList;method
rocketmq-rocketmq-all-4.9.2;org.apache.rocketmq.client.trace.AsyncTraceDispatcher.AsyncTraceDispatcher;LongParameterList;method
rocketmq-rocketmq-all-4.9.2;org.apache.rocketmq.client.trace.AsyncTraceDispatcher.AsyncAppenderRequest.sendTraceDataByMQ;LongParameterList;method
rocketmq-rocketmq-all-4.9.2;org.apache.rocketmq.client.consumer.rebalance.AllocateMachineRoomNearByTest.testWhenIDCSizeEquals;LongParameterList;method
rocketmq-rocketmq-all-4.9.2;org.apache.rocketmq.client.consumer.rebalance.AllocateMachineRoomNearByTest.testWhenConsumerIDCIsMore;LongParameterList;method
rocketmq-rocketmq-all-4.9.2;org.apache.rocketmq.client.consumer.rebalance.AllocateMachineRoomNearByTest.testWhenConsumerIDCIsLess;LongParameterList;method
rocketmq-rocketmq-all-4.9.2;org.apache.rocketmq.common.message.Message.Message;LongParameterList;method
rocketmq-rocketmq-all-4.9.2;org.apache.rocketmq.common.message.Message.Message;LongParameterList;method
rocketmq-rocketmq-all-4.9.2;org.apache.rocketmq.common.message.MessageDecoder.decode;LongParameterList;method
rocketmq-rocketmq-all-4.9.2;org.apache.rocketmq.common.message.MessageExt.MessageExt;LongParameterList;method
rocketmq-rocketmq-all-4.9.2;org.apache.rocketmq.common.message.MessageQueueForC.MessageQueueForC;LongParameterList;method
rocketmq-rocketmq-all-4.9.2;org.apache.rocketmq.common.stats.MomentStatsItem.MomentStatsItem;LongParameterList;method
rocketmq-rocketmq-all-4.9.2;org.apache.rocketmq.common.stats.RTStatsItem.RTStatsItem;LongParameterList;method
rocketmq-rocketmq-all-4.9.2;org.apache.rocketmq.common.stats.StatsItem.StatsItem;LongParameterList;method
rocketmq-rocketmq-all-4.9.2;org.apache.rocketmq.common.sysflag.PullSysFlag.buildSysFlag;LongParameterList;method
rocketmq-rocketmq-all-4.9.2;org.apache.rocketmq.common.sysflag.PullSysFlag.buildSysFlag;LongParameterList;method
rocketmq-rocketmq-all-4.9.2;org.apache.rocketmq.common.TopicConfig.TopicConfig;LongParameterList;method
rocketmq-rocketmq-all-4.9.2;org.apache.rocketmq.common.utils.HttpTinyClient.httpGet;LongParameterList;method
rocketmq-rocketmq-all-4.9.2;org.apache.rocketmq.common.utils.HttpTinyClient.httpPost;LongParameterList;method
rocketmq-rocketmq-all-4.9.2;org.apache.rocketmq.common.utils.ThreadUtils.newThreadPoolExecutor;LongParameterList;method
rocketmq-rocketmq-all-4.9.2;org.apache.rocketmq.example.benchmark.BatchProducer.initInstance;LongParameterList;method
rocketmq-rocketmq-all-4.9.2;org.apache.rocketmq.filter.expression.UnaryInExpression.UnaryInExpression;LongParameterList;method
rocketmq-rocketmq-all-4.9.2;org.apache.rocketmq.filter.parser.SelectorParserTokenManager.jjCanMove_0;LongParameterList;method
rocketmq-rocketmq-all-4.9.2;org.apache.rocketmq.filter.parser.SimpleCharStream.SimpleCharStream;LongParameterList;method
rocketmq-rocketmq-all-4.9.2;org.apache.rocketmq.filter.parser.SimpleCharStream.ReInit;LongParameterList;method
rocketmq-rocketmq-all-4.9.2;org.apache.rocketmq.filter.parser.SimpleCharStream.SimpleCharStream;LongParameterList;method
rocketmq-rocketmq-all-4.9.2;org.apache.rocketmq.filter.parser.SimpleCharStream.SimpleCharStream;LongParameterList;method
rocketmq-rocketmq-all-4.9.2;org.apache.rocketmq.filter.parser.SimpleCharStream.SimpleCharStream;LongParameterList;method
rocketmq-rocketmq-all-4.9.2;org.apache.rocketmq.filter.parser.SimpleCharStream.ReInit;LongParameterList;method
rocketmq-rocketmq-all-4.9.2;org.apache.rocketmq.filter.parser.SimpleCharStream.ReInit;LongParameterList;method
rocketmq-rocketmq-all-4.9.2;org.apache.rocketmq.filter.parser.SimpleCharStream.ReInit;LongParameterList;method
rocketmq-rocketmq-all-4.9.2;org.apache.rocketmq.filter.parser.TokenMgrError.LexicalError;LongParameterList;method
rocketmq-rocketmq-all-4.9.2;org.apache.rocketmq.filter.parser.TokenMgrError.TokenMgrError;LongParameterList;method
rocketmq-rocketmq-all-4.9.2;org.apache.rocketmq.logappender.log4j2.RocketmqLog4j2Appender.RocketmqLog4j2Appender;LongParameterList;method
rocketmq-rocketmq-all-4.9.2;org.apache.rocketmq.logging.inner.Logger.forcedLog;LongParameterList;method
rocketmq-rocketmq-all-4.9.2;org.apache.rocketmq.logging.inner.LoggingBuilder.AsyncAppender.Dispatcher.Dispatcher;LongParameterList;method
rocketmq-rocketmq-all-4.9.2;org.apache.rocketmq.logging.inner.LoggingBuilder.FileAppender.setFile;LongParameterList;method
rocketmq-rocketmq-all-4.9.2;org.apache.rocketmq.logging.inner.LoggingBuilder.RollingFileAppender.setFile;LongParameterList;method
rocketmq-rocketmq-all-4.9.2;org.apache.rocketmq.logging.inner.LoggingEvent.LoggingEvent;LongParameterList;method
rocketmq-rocketmq-all-4.9.2;org.apache.rocketmq.namesrv.routeinfo.RouteInfoManager.registerBroker;LongParameterList;method
rocketmq-rocketmq-all-4.9.2;org.apache.rocketmq.namesrv.routeinfo.RouteInfoManager.unregisterBroker;LongParameterList;method
rocketmq-rocketmq-all-4.9.2;org.apache.rocketmq.namesrv.routeinfo.BrokerLiveInfo.BrokerLiveInfo;LongParameterList;method
rocketmq-rocketmq-all-4.9.2;io.openmessaging.rocketmq.utils.BeanUtils.setProperties;LongParameterList;method
rocketmq-rocketmq-all-4.9.2;org.apache.rocketmq.remoting.netty.NettyLogger.NettyBridgeLogger.log;LongParameterList;method
rocketmq-rocketmq-all-4.9.2;org.apache.rocketmq.remoting.netty.NettyRemotingAbstract.invokeAsyncImpl;LongParameterList;method
rocketmq-rocketmq-all-4.9.2;org.apache.rocketmq.remoting.netty.NettyRemotingClient.invokeAsync;LongParameterList;method
rocketmq-rocketmq-all-4.9.2;org.apache.rocketmq.remoting.netty.NettyRemotingClient.NettyConnectManageHandler.connect;LongParameterList;method
rocketmq-rocketmq-all-4.9.2;org.apache.rocketmq.remoting.netty.NettyRemotingServer.invokeAsync;LongParameterList;method
rocketmq-rocketmq-all-4.9.2;org.apache.rocketmq.remoting.netty.ResponseFuture.ResponseFuture;LongParameterList;method
rocketmq-rocketmq-all-4.9.2;org.apache.rocketmq.remoting.RemotingClient.invokeAsync;LongParameterList;method
rocketmq-rocketmq-all-4.9.2;org.apache.rocketmq.remoting.RemotingServer.invokeAsync;LongParameterList;method
rocketmq-rocketmq-all-4.9.2;org.apache.rocketmq.srvutil.ServerUtil.parseCmdLine;LongParameterList;method
rocketmq-rocketmq-all-4.9.2;org.apache.rocketmq.store.AppendMessageCallback.doAppend;LongParameterList;method
rocketmq-rocketmq-all-4.9.2;org.apache.rocketmq.store.AppendMessageCallback.doAppend;LongParameterList;method
rocketmq-rocketmq-all-4.9.2;org.apache.rocketmq.store.AppendMessageResult.AppendMessageResult;LongParameterList;method
rocketmq-rocketmq-all-4.9.2;org.apache.rocketmq.store.AppendMessageResult.AppendMessageResult;LongParameterList;method
rocketmq-rocketmq-all-4.9.2;org.apache.rocketmq.store.CommitLog.deleteExpiredFile;LongParameterList;method
rocketmq-rocketmq-all-4.9.2;org.apache.rocketmq.store.CommitLog.calMsgLength;LongParameterList;method
rocketmq-rocketmq-all-4.9.2;org.apache.rocketmq.store.CommitLog.appendData;LongParameterList;method
rocketmq-rocketmq-all-4.9.2;org.apache.rocketmq.store.CommitLog.DefaultAppendMessageCallback.doAppend;LongParameterList;method
rocketmq-rocketmq-all-4.9.2;org.apache.rocketmq.store.CommitLog.DefaultAppendMessageCallback.doAppend;LongParameterList;method
rocketmq-rocketmq-all-4.9.2;org.apache.rocketmq.store.ConsumeQueue.ConsumeQueue;LongParameterList;method
rocketmq-rocketmq-all-4.9.2;org.apache.rocketmq.store.ConsumeQueue.putMessagePositionInfo;LongParameterList;method
rocketmq-rocketmq-all-4.9.2;org.apache.rocketmq.store.ConsumeQueueExt.ConsumeQueueExt;LongParameterList;method
rocketmq-rocketmq-all-4.9.2;org.apache.rocketmq.store.DefaultMessageStore.DefaultMessageStore;LongParameterList;method
rocketmq-rocketmq-all-4.9.2;org.apache.rocketmq.store.DefaultMessageStore.getMessage;LongParameterList;method
rocketmq-rocketmq-all-4.9.2;org.apache.rocketmq.store.DefaultMessageStore.appendToCommitLog;LongParameterList;method
rocketmq-rocketmq-all-4.9.2;org.apache.rocketmq.store.DefaultMessageStore.queryMessage;LongParameterList;method
rocketmq-rocketmq-all-4.9.2;org.apache.rocketmq.store.DefaultMessageStore.getMessageIds;LongParameterList;method
rocketmq-rocketmq-all-4.9.2;org.apache.rocketmq.store.DefaultMessageStore.isTheBatchFull;LongParameterList;method
rocketmq-rocketmq-all-4.9.2;org.apache.rocketmq.store.DispatchRequest.DispatchRequest;LongParameterList;method
rocketmq-rocketmq-all-4.9.2;org.apache.rocketmq.store.dledger.DLedgerCommitLog.deleteExpiredFile;LongParameterList;method
rocketmq-rocketmq-all-4.9.2;org.apache.rocketmq.store.dledger.DLedgerCommitLog.appendData;LongParameterList;method
rocketmq-rocketmq-all-4.9.2;org.apache.rocketmq.store.dledger.DLedgerCommitLog.EncodeResult.EncodeResult;LongParameterList;method
rocketmq-rocketmq-all-4.9.2;org.apache.rocketmq.store.index.IndexFile.IndexFile;LongParameterList;method
rocketmq-rocketmq-all-4.9.2;org.apache.rocketmq.store.index.IndexFile.selectPhyOffset;LongParameterList;method
rocketmq-rocketmq-all-4.9.2;org.apache.rocketmq.store.index.IndexService.queryOffset;LongParameterList;method
rocketmq-rocketmq-all-4.9.2;org.apache.rocketmq.store.MappedFileQueue.deleteExpiredFileByTime;LongParameterList;method
rocketmq-rocketmq-all-4.9.2;org.apache.rocketmq.store.MessageArrivingListener.arriving;LongParameterList;method
rocketmq-rocketmq-all-4.9.2;org.apache.rocketmq.store.MessageStore.getMessage;LongParameterList;method
rocketmq-rocketmq-all-4.9.2;org.apache.rocketmq.store.MessageStore.appendToCommitLog;LongParameterList;method
rocketmq-rocketmq-all-4.9.2;org.apache.rocketmq.store.MessageStore.queryMessage;LongParameterList;method
rocketmq-rocketmq-all-4.9.2;org.apache.rocketmq.store.MultiPathMappedFileQueue.MultiPathMappedFileQueue;LongParameterList;method
rocketmq-rocketmq-all-4.9.2;org.apache.rocketmq.store.SelectMappedBufferResult.SelectMappedBufferResult;LongParameterList;method
rocketmq-rocketmq-all-4.9.2;org.apache.rocketmq.store.stats.BrokerStatsManager.incQueuePutNums;LongParameterList;method
rocketmq-rocketmq-all-4.9.2;org.apache.rocketmq.store.stats.BrokerStatsManager.incQueueGetNums;LongParameterList;method
rocketmq-rocketmq-all-4.9.2;org.apache.rocketmq.store.stats.BrokerStatsManager.incQueueGetSize;LongParameterList;method
rocketmq-rocketmq-all-4.9.2;org.apache.rocketmq.store.stats.BrokerStatsManager.incGroupGetLatency;LongParameterList;method
rocketmq-rocketmq-all-4.9.2;org.apache.rocketmq.store.stats.BrokerStatsManager.recordDiskFallBehindTime;LongParameterList;method
rocketmq-rocketmq-all-4.9.2;org.apache.rocketmq.store.stats.BrokerStatsManager.recordDiskFallBehindSize;LongParameterList;method
rocketmq-rocketmq-all-4.9.2;org.apache.rocketmq.store.stats.BrokerStatsManager.incCommercialValue;LongParameterList;method
rocketmq-rocketmq-all-4.9.2;org.apache.rocketmq.store.stats.BrokerStatsManager.buildCommercialStatsKey;LongParameterList;method
rocketmq-rocketmq-all-4.9.2;org.apache.rocketmq.store.BatchPutMessageTest.MyMessageArrivingListener.arriving;LongParameterList;method
rocketmq-rocketmq-all-4.9.2;org.apache.rocketmq.store.ConsumeQueueExtTest.putSth;LongParameterList;method
rocketmq-rocketmq-all-4.9.2;org.apache.rocketmq.store.ConsumeQueueTest.buildStoreConfig;LongParameterList;method
rocketmq-rocketmq-all-4.9.2;org.apache.rocketmq.store.DefaultMessageStoreCleanFilesTest.MyMessageArrivingListener.arriving;LongParameterList;method
rocketmq-rocketmq-all-4.9.2;org.apache.rocketmq.store.DefaultMessageStoreTest.putMessages;LongParameterList;method
rocketmq-rocketmq-all-4.9.2;org.apache.rocketmq.store.DefaultMessageStoreTest.MyMessageArrivingListener.arriving;LongParameterList;method
rocketmq-rocketmq-all-4.9.2;org.apache.rocketmq.store.dledger.MessageStoreTestBase.createDledgerMessageStore;LongParameterList;method
rocketmq-rocketmq-all-4.9.2;org.apache.rocketmq.store.dledger.MessageStoreTestBase.doPutMessages;LongParameterList;method
rocketmq-rocketmq-all-4.9.2;org.apache.rocketmq.store.dledger.MessageStoreTestBase.doGetMessages;LongParameterList;method
rocketmq-rocketmq-all-4.9.2;org.apache.rocketmq.store.schedule.ScheduleMessageServiceTest.MyMessageArrivingListener.arriving;LongParameterList;method
rocketmq-rocketmq-all-4.9.2;org.apache.rocketmq.test.client.rmq.RMQBroadCastConsumer.RMQBroadCastConsumer;LongParameterList;method
rocketmq-rocketmq-all-4.9.2;org.apache.rocketmq.test.client.rmq.RMQNormalConsumer.RMQNormalConsumer;LongParameterList;method
rocketmq-rocketmq-all-4.9.2;org.apache.rocketmq.test.client.rmq.RMQNormalProducer.RMQNormalProducer;LongParameterList;method
rocketmq-rocketmq-all-4.9.2;org.apache.rocketmq.test.client.rmq.RMQNormalProducer.RMQNormalProducer;LongParameterList;method
rocketmq-rocketmq-all-4.9.2;org.apache.rocketmq.test.client.rmq.RMQSqlConsumer.RMQSqlConsumer;LongParameterList;method
rocketmq-rocketmq-all-4.9.2;org.apache.rocketmq.test.client.rmq.RMQTransactionalProducer.RMQTransactionalProducer;LongParameterList;method
rocketmq-rocketmq-all-4.9.2;org.apache.rocketmq.test.clientinterface.AbstractMQConsumer.AbstractMQConsumer;LongParameterList;method
rocketmq-rocketmq-all-4.9.2;org.apache.rocketmq.test.factory.ConsumerFactory.getRMQNormalConsumer;LongParameterList;method
rocketmq-rocketmq-all-4.9.2;org.apache.rocketmq.test.factory.ConsumerFactory.getRMQNormalConsumer;LongParameterList;method
rocketmq-rocketmq-all-4.9.2;org.apache.rocketmq.test.factory.ConsumerFactory.getRMQBroadCastConsumer;LongParameterList;method
rocketmq-rocketmq-all-4.9.2;org.apache.rocketmq.test.factory.ConsumerFactory.getRMQSqlConsumer;LongParameterList;method
rocketmq-rocketmq-all-4.9.2;org.apache.rocketmq.test.util.MQAdmin.createTopic;LongParameterList;method
rocketmq-rocketmq-all-4.9.2;org.apache.rocketmq.test.util.MQAdmin.createTopic;LongParameterList;method
rocketmq-rocketmq-all-4.9.2;org.apache.rocketmq.test.base.BaseConf.getProducer;LongParameterList;method
rocketmq-rocketmq-all-4.9.2;org.apache.rocketmq.test.base.BaseConf.getConsumer;LongParameterList;method
rocketmq-rocketmq-all-4.9.2;org.apache.rocketmq.test.base.BaseConf.getConsumer;LongParameterList;method
rocketmq-rocketmq-all-4.9.2;org.apache.rocketmq.test.base.BaseConf.getConsumer;LongParameterList;method
rocketmq-rocketmq-all-4.9.2;org.apache.rocketmq.test.base.BaseConf.getConsumer;LongParameterList;method
rocketmq-rocketmq-all-4.9.2;org.apache.rocketmq.test.base.IntegrationTestBase.initTopic;LongParameterList;method
rocketmq-rocketmq-all-4.9.2;org.apache.rocketmq.test.client.consumer.broadcast.BaseBroadCastIT.getBroadCastConsumer;LongParameterList;method
rocketmq-rocketmq-all-4.9.2;org.apache.rocketmq.test.client.consumer.broadcast.BaseBroadCastIT.getBroadCastConsumer;LongParameterList;method
rocketmq-rocketmq-all-4.9.2;org.apache.rocketmq.tools.admin.DefaultMQAdminExt.createTopic;LongParameterList;method
rocketmq-rocketmq-all-4.9.2;org.apache.rocketmq.tools.admin.DefaultMQAdminExt.queryMessage;LongParameterList;method
rocketmq-rocketmq-all-4.9.2;org.apache.rocketmq.tools.admin.DefaultMQAdminExt.queryMessageByUniqKey;LongParameterList;method
rocketmq-rocketmq-all-4.9.2;org.apache.rocketmq.tools.admin.DefaultMQAdminExt.resetOffsetByTimestampOld;LongParameterList;method
rocketmq-rocketmq-all-4.9.2;org.apache.rocketmq.tools.admin.DefaultMQAdminExt.resetOffsetByTimestamp;LongParameterList;method
rocketmq-rocketmq-all-4.9.2;org.apache.rocketmq.tools.admin.DefaultMQAdminExt.resetOffsetByTimestamp;LongParameterList;method
rocketmq-rocketmq-all-4.9.2;org.apache.rocketmq.tools.admin.DefaultMQAdminExt.consumeMessageDirectly;LongParameterList;method
rocketmq-rocketmq-all-4.9.2;org.apache.rocketmq.tools.admin.DefaultMQAdminExt.cloneGroupOffset;LongParameterList;method
rocketmq-rocketmq-all-4.9.2;org.apache.rocketmq.tools.admin.DefaultMQAdminExt.updateConsumeOffset;LongParameterList;method
rocketmq-rocketmq-all-4.9.2;org.apache.rocketmq.tools.admin.DefaultMQAdminExt.queryConsumeQueue;LongParameterList;method
rocketmq-rocketmq-all-4.9.2;org.apache.rocketmq.tools.admin.DefaultMQAdminExtImpl.resetOffsetByTimestampOld;LongParameterList;method
rocketmq-rocketmq-all-4.9.2;org.apache.rocketmq.tools.admin.DefaultMQAdminExtImpl.resetOffsetByTimestamp;LongParameterList;method
rocketmq-rocketmq-all-4.9.2;org.apache.rocketmq.tools.admin.DefaultMQAdminExtImpl.resetOffsetByTimestamp;LongParameterList;method
rocketmq-rocketmq-all-4.9.2;org.apache.rocketmq.tools.admin.DefaultMQAdminExtImpl.resetOffsetConsumeOffset;LongParameterList;method
rocketmq-rocketmq-all-4.9.2;org.apache.rocketmq.tools.admin.DefaultMQAdminExtImpl.consumeMessageDirectly;LongParameterList;method
rocketmq-rocketmq-all-4.9.2;org.apache.rocketmq.tools.admin.DefaultMQAdminExtImpl.cloneGroupOffset;LongParameterList;method
rocketmq-rocketmq-all-4.9.2;org.apache.rocketmq.tools.admin.DefaultMQAdminExtImpl.createTopic;LongParameterList;method
rocketmq-rocketmq-all-4.9.2;org.apache.rocketmq.tools.admin.DefaultMQAdminExtImpl.queryMessage;LongParameterList;method
rocketmq-rocketmq-all-4.9.2;org.apache.rocketmq.tools.admin.DefaultMQAdminExtImpl.queryMessageByUniqKey;LongParameterList;method
rocketmq-rocketmq-all-4.9.2;org.apache.rocketmq.tools.admin.DefaultMQAdminExtImpl.updateConsumeOffset;LongParameterList;method
rocketmq-rocketmq-all-4.9.2;org.apache.rocketmq.tools.admin.DefaultMQAdminExtImpl.queryConsumeQueue;LongParameterList;method
rocketmq-rocketmq-all-4.9.2;org.apache.rocketmq.tools.admin.MQAdminExt.resetOffsetByTimestampOld;LongParameterList;method
rocketmq-rocketmq-all-4.9.2;org.apache.rocketmq.tools.admin.MQAdminExt.resetOffsetByTimestamp;LongParameterList;method
rocketmq-rocketmq-all-4.9.2;org.apache.rocketmq.tools.admin.MQAdminExt.consumeMessageDirectly;LongParameterList;method
rocketmq-rocketmq-all-4.9.2;org.apache.rocketmq.tools.admin.MQAdminExt.cloneGroupOffset;LongParameterList;method
rocketmq-rocketmq-all-4.9.2;org.apache.rocketmq.tools.admin.MQAdminExt.updateConsumeOffset;LongParameterList;method
rocketmq-rocketmq-all-4.9.2;org.apache.rocketmq.tools.admin.MQAdminExt.queryConsumeQueue;LongParameterList;method
rocketmq-rocketmq-all-4.9.2;org.apache.rocketmq.tools.command.export.ExportMetricsCommand.getRuntimeQuota;LongParameterList;method
rocketmq-rocketmq-all-4.9.2;org.apache.rocketmq.tools.command.message.ConsumeMessageCommand.executeByCondition;LongParameterList;method
rocketmq-rocketmq-all-4.9.2;org.apache.rocketmq.tools.command.message.PrintMessageByQueueCommand.printMessage;LongParameterList;method
rocketmq-rocketmq-all-4.9.2;org.apache.rocketmq.tools.command.message.QueryMsgByIdSubCommand.pushMsg;LongParameterList;method
rocketmq-rocketmq-all-4.9.2;org.apache.rocketmq.tools.command.message.QueryMsgByUniqueKeySubCommand.queryById;LongParameterList;method
rocketmq-rocketmq-all-4.9.2;org.apache.rocketmq.tools.command.offset.ResetOffsetByTimeOldCommand.resetOffset;LongParameterList;method
