Sentinel-1.8.3;com.alibaba.csp.sentinel.adapter.gateway.common.slot.GatewayFlowSlot.entry;LongParameterList;method
Sentinel-1.8.3;com.alibaba.csp.sentinel.adapter.gateway.common.slot.GatewayFlowSlot.exit;LongParameterList;method
Sentinel-1.8.3;com.alibaba.csp.sentinel.adapter.reactor.EntryConfig.EntryConfig;LongParameterList;method
Sentinel-1.8.3;com.alibaba.csp.sentinel.adapter.reactor.EntryConfig.EntryConfig;LongParameterList;method
Sentinel-1.8.3;com.alibaba.csp.sentinel.adapter.reactor.EntryConfig.EntryConfig;LongParameterList;method
Sentinel-1.8.3;com.alibaba.csp.sentinel.adapter.reactor.EntryConfig.EntryConfig;LongParameterList;method
Sentinel-1.8.3;com.alibaba.csp.sentinel.adapter.reactor.EntryConfig.EntryConfig;LongParameterList;method
Sentinel-1.8.3;com.alibaba.csp.sentinel.adapter.spring.webmvc.AbstractSentinelInterceptor.afterCompletion;LongParameterList;method
Sentinel-1.8.3;com.alibaba.csp.sentinel.adapter.spring.webmvc.AbstractSentinelInterceptor.postHandle;LongParameterList;method
Sentinel-1.8.3;com.alibaba.csp.sentinel.adapter.servlet.util.FilterUtil.normalizePath;LongParameterList;method
Sentinel-1.8.3;com.alibaba.csp.sentinel.adapter.gateway.zuul.filters.SentinelZuulPreFilter.doSentinelEntry;LongParameterList;method
Sentinel-1.8.3;com.alibaba.csp.sentinel.adapter.gateway.zuul2.filters.inbound.SentinelZuulInboundFilter.SentinelZuulInboundFilter;LongParameterList;method
Sentinel-1.8.3;com.alibaba.csp.sentinel.adapter.gateway.zuul2.filters.inbound.SentinelZuulInboundFilter.doSentinelEntry;LongParameterList;method
Sentinel-1.8.3;com.alibaba.csp.sentinel.benchmark.generated.SentinelEntryBenchmark_test16ThreadsDirectly_jmhTest.test16ThreadsDirectly_thrpt_jmhStub;LongParameterList;method
Sentinel-1.8.3;com.alibaba.csp.sentinel.benchmark.generated.SentinelEntryBenchmark_test16ThreadsDirectly_jmhTest.test16ThreadsDirectly_avgt_jmhStub;LongParameterList;method
Sentinel-1.8.3;com.alibaba.csp.sentinel.benchmark.generated.SentinelEntryBenchmark_test16ThreadsDirectly_jmhTest.test16ThreadsDirectly_sample_jmhStub;LongParameterList;method
Sentinel-1.8.3;com.alibaba.csp.sentinel.benchmark.generated.SentinelEntryBenchmark_test16ThreadsDirectly_jmhTest.test16ThreadsDirectly_ss_jmhStub;LongParameterList;method
Sentinel-1.8.3;com.alibaba.csp.sentinel.benchmark.generated.SentinelEntryBenchmark_test16ThreadsSingleEntry_jmhTest.test16ThreadsSingleEntry_thrpt_jmhStub;LongParameterList;method
Sentinel-1.8.3;com.alibaba.csp.sentinel.benchmark.generated.SentinelEntryBenchmark_test16ThreadsSingleEntry_jmhTest.test16ThreadsSingleEntry_avgt_jmhStub;LongParameterList;method
Sentinel-1.8.3;com.alibaba.csp.sentinel.benchmark.generated.SentinelEntryBenchmark_test16ThreadsSingleEntry_jmhTest.test16ThreadsSingleEntry_sample_jmhStub;LongParameterList;method
Sentinel-1.8.3;com.alibaba.csp.sentinel.benchmark.generated.SentinelEntryBenchmark_test16ThreadsSingleEntry_jmhTest.test16ThreadsSingleEntry_ss_jmhStub;LongParameterList;method
Sentinel-1.8.3;com.alibaba.csp.sentinel.benchmark.generated.SentinelEntryBenchmark_test2ThreadsSingleEntry_jmhTest.test2ThreadsSingleEntry_thrpt_jmhStub;LongParameterList;method
Sentinel-1.8.3;com.alibaba.csp.sentinel.benchmark.generated.SentinelEntryBenchmark_test2ThreadsSingleEntry_jmhTest.test2ThreadsSingleEntry_avgt_jmhStub;LongParameterList;method
Sentinel-1.8.3;com.alibaba.csp.sentinel.benchmark.generated.SentinelEntryBenchmark_test2ThreadsSingleEntry_jmhTest.test2ThreadsSingleEntry_sample_jmhStub;LongParameterList;method
Sentinel-1.8.3;com.alibaba.csp.sentinel.benchmark.generated.SentinelEntryBenchmark_test2ThreadsSingleEntry_jmhTest.test2ThreadsSingleEntry_ss_jmhStub;LongParameterList;method
Sentinel-1.8.3;com.alibaba.csp.sentinel.benchmark.generated.SentinelEntryBenchmark_test3ThreadsSingleEntry_jmhTest.test3ThreadsSingleEntry_thrpt_jmhStub;LongParameterList;method
Sentinel-1.8.3;com.alibaba.csp.sentinel.benchmark.generated.SentinelEntryBenchmark_test3ThreadsSingleEntry_jmhTest.test3ThreadsSingleEntry_avgt_jmhStub;LongParameterList;method
Sentinel-1.8.3;com.alibaba.csp.sentinel.benchmark.generated.SentinelEntryBenchmark_test3ThreadsSingleEntry_jmhTest.test3ThreadsSingleEntry_sample_jmhStub;LongParameterList;method
Sentinel-1.8.3;com.alibaba.csp.sentinel.benchmark.generated.SentinelEntryBenchmark_test3ThreadsSingleEntry_jmhTest.test3ThreadsSingleEntry_ss_jmhStub;LongParameterList;method
Sentinel-1.8.3;com.alibaba.csp.sentinel.benchmark.generated.SentinelEntryBenchmark_test4ThreadsDirectly_jmhTest.test4ThreadsDirectly_thrpt_jmhStub;LongParameterList;method
Sentinel-1.8.3;com.alibaba.csp.sentinel.benchmark.generated.SentinelEntryBenchmark_test4ThreadsDirectly_jmhTest.test4ThreadsDirectly_avgt_jmhStub;LongParameterList;method
Sentinel-1.8.3;com.alibaba.csp.sentinel.benchmark.generated.SentinelEntryBenchmark_test4ThreadsDirectly_jmhTest.test4ThreadsDirectly_sample_jmhStub;LongParameterList;method
Sentinel-1.8.3;com.alibaba.csp.sentinel.benchmark.generated.SentinelEntryBenchmark_test4ThreadsDirectly_jmhTest.test4ThreadsDirectly_ss_jmhStub;LongParameterList;method
Sentinel-1.8.3;com.alibaba.csp.sentinel.benchmark.generated.SentinelEntryBenchmark_test4ThreadsSingleEntry_jmhTest.test4ThreadsSingleEntry_thrpt_jmhStub;LongParameterList;method
Sentinel-1.8.3;com.alibaba.csp.sentinel.benchmark.generated.SentinelEntryBenchmark_test4ThreadsSingleEntry_jmhTest.test4ThreadsSingleEntry_avgt_jmhStub;LongParameterList;method
Sentinel-1.8.3;com.alibaba.csp.sentinel.benchmark.generated.SentinelEntryBenchmark_test4ThreadsSingleEntry_jmhTest.test4ThreadsSingleEntry_sample_jmhStub;LongParameterList;method
Sentinel-1.8.3;com.alibaba.csp.sentinel.benchmark.generated.SentinelEntryBenchmark_test4ThreadsSingleEntry_jmhTest.test4ThreadsSingleEntry_ss_jmhStub;LongParameterList;method
Sentinel-1.8.3;com.alibaba.csp.sentinel.benchmark.generated.SentinelEntryBenchmark_test8ThreadsDirectly_jmhTest.test8ThreadsDirectly_thrpt_jmhStub;LongParameterList;method
Sentinel-1.8.3;com.alibaba.csp.sentinel.benchmark.generated.SentinelEntryBenchmark_test8ThreadsDirectly_jmhTest.test8ThreadsDirectly_avgt_jmhStub;LongParameterList;method
Sentinel-1.8.3;com.alibaba.csp.sentinel.benchmark.generated.SentinelEntryBenchmark_test8ThreadsDirectly_jmhTest.test8ThreadsDirectly_sample_jmhStub;LongParameterList;method
Sentinel-1.8.3;com.alibaba.csp.sentinel.benchmark.generated.SentinelEntryBenchmark_test8ThreadsDirectly_jmhTest.test8ThreadsDirectly_ss_jmhStub;LongParameterList;method
Sentinel-1.8.3;com.alibaba.csp.sentinel.benchmark.generated.SentinelEntryBenchmark_test8ThreadsSingleEntry_jmhTest.test8ThreadsSingleEntry_thrpt_jmhStub;LongParameterList;method
Sentinel-1.8.3;com.alibaba.csp.sentinel.benchmark.generated.SentinelEntryBenchmark_test8ThreadsSingleEntry_jmhTest.test8ThreadsSingleEntry_avgt_jmhStub;LongParameterList;method
Sentinel-1.8.3;com.alibaba.csp.sentinel.benchmark.generated.SentinelEntryBenchmark_test8ThreadsSingleEntry_jmhTest.test8ThreadsSingleEntry_sample_jmhStub;LongParameterList;method
Sentinel-1.8.3;com.alibaba.csp.sentinel.benchmark.generated.SentinelEntryBenchmark_test8ThreadsSingleEntry_jmhTest.test8ThreadsSingleEntry_ss_jmhStub;LongParameterList;method
Sentinel-1.8.3;com.alibaba.csp.sentinel.benchmark.generated.SentinelEntryBenchmark_testSingleThreadDirectly_jmhTest.testSingleThreadDirectly_thrpt_jmhStub;LongParameterList;method
Sentinel-1.8.3;com.alibaba.csp.sentinel.benchmark.generated.SentinelEntryBenchmark_testSingleThreadDirectly_jmhTest.testSingleThreadDirectly_avgt_jmhStub;LongParameterList;method
Sentinel-1.8.3;com.alibaba.csp.sentinel.benchmark.generated.SentinelEntryBenchmark_testSingleThreadDirectly_jmhTest.testSingleThreadDirectly_sample_jmhStub;LongParameterList;method
Sentinel-1.8.3;com.alibaba.csp.sentinel.benchmark.generated.SentinelEntryBenchmark_testSingleThreadDirectly_jmhTest.testSingleThreadDirectly_ss_jmhStub;LongParameterList;method
Sentinel-1.8.3;com.alibaba.csp.sentinel.benchmark.generated.SentinelEntryBenchmark_testSingleThreadSingleEntry_jmhTest.testSingleThreadSingleEntry_thrpt_jmhStub;LongParameterList;method
Sentinel-1.8.3;com.alibaba.csp.sentinel.benchmark.generated.SentinelEntryBenchmark_testSingleThreadSingleEntry_jmhTest.testSingleThreadSingleEntry_avgt_jmhStub;LongParameterList;method
Sentinel-1.8.3;com.alibaba.csp.sentinel.benchmark.generated.SentinelEntryBenchmark_testSingleThreadSingleEntry_jmhTest.testSingleThreadSingleEntry_sample_jmhStub;LongParameterList;method
Sentinel-1.8.3;com.alibaba.csp.sentinel.benchmark.generated.SentinelEntryBenchmark_testSingleThreadSingleEntry_jmhTest.testSingleThreadSingleEntry_ss_jmhStub;LongParameterList;method
Sentinel-1.8.3;com.alibaba.csp.sentinel.cluster.response.ClusterResponse.ClusterResponse;LongParameterList;method
Sentinel-1.8.3;com.alibaba.csp.sentinel.cluster.flow.statistic.metric.ClusterMetric.canOccupy;LongParameterList;method
Sentinel-1.8.3;com.alibaba.csp.sentinel.CtSph.asyncEntryWithPriorityInternal;LongParameterList;method
Sentinel-1.8.3;com.alibaba.csp.sentinel.CtSph.entryWithPriority;LongParameterList;method
Sentinel-1.8.3;com.alibaba.csp.sentinel.CtSph.entry;LongParameterList;method
Sentinel-1.8.3;com.alibaba.csp.sentinel.CtSph.entry;LongParameterList;method
Sentinel-1.8.3;com.alibaba.csp.sentinel.CtSph.asyncEntry;LongParameterList;method
Sentinel-1.8.3;com.alibaba.csp.sentinel.CtSph.entryWithPriority;LongParameterList;method
Sentinel-1.8.3;com.alibaba.csp.sentinel.CtSph.entryWithPriority;LongParameterList;method
Sentinel-1.8.3;com.alibaba.csp.sentinel.CtSph.entryWithType;LongParameterList;method
Sentinel-1.8.3;com.alibaba.csp.sentinel.CtSph.entryWithType;LongParameterList;method
Sentinel-1.8.3;com.alibaba.csp.sentinel.CtSph.asyncEntryWithType;LongParameterList;method
Sentinel-1.8.3;com.alibaba.csp.sentinel.eagleeye.StatEntry.StatEntry;LongParameterList;method
Sentinel-1.8.3;com.alibaba.csp.sentinel.eagleeye.StatEntry.StatEntry;LongParameterList;method
Sentinel-1.8.3;com.alibaba.csp.sentinel.eagleeye.StatEntry.StatEntry;LongParameterList;method
Sentinel-1.8.3;com.alibaba.csp.sentinel.eagleeye.StatEntry.StatEntry;LongParameterList;method
Sentinel-1.8.3;com.alibaba.csp.sentinel.eagleeye.StatEntry.StatEntry;LongParameterList;method
Sentinel-1.8.3;com.alibaba.csp.sentinel.eagleeye.StatEntry.StatEntry;LongParameterList;method
Sentinel-1.8.3;com.alibaba.csp.sentinel.eagleeye.StatLogger.StatLogger;LongParameterList;method
Sentinel-1.8.3;com.alibaba.csp.sentinel.eagleeye.StatLogger.stat;LongParameterList;method
Sentinel-1.8.3;com.alibaba.csp.sentinel.eagleeye.StatLogger.stat;LongParameterList;method
Sentinel-1.8.3;com.alibaba.csp.sentinel.eagleeye.StatLogger.stat;LongParameterList;method
Sentinel-1.8.3;com.alibaba.csp.sentinel.eagleeye.StatLogger.stat;LongParameterList;method
Sentinel-1.8.3;com.alibaba.csp.sentinel.eagleeye.StatLogger.stat;LongParameterList;method
Sentinel-1.8.3;com.alibaba.csp.sentinel.eagleeye.StatRollingData.StatRollingData;LongParameterList;method
Sentinel-1.8.3;com.alibaba.csp.sentinel.eagleeye.StatRollingData.StatRollingData;LongParameterList;method
Sentinel-1.8.3;com.alibaba.csp.sentinel.log.jul.BaseJulLogger.log;LongParameterList;method
Sentinel-1.8.3;com.alibaba.csp.sentinel.log.jul.BaseJulLogger.log;LongParameterList;method
Sentinel-1.8.3;com.alibaba.csp.sentinel.log.jul.DateFileLogHandler.DateFileLogHandler;LongParameterList;method
Sentinel-1.8.3;com.alibaba.csp.sentinel.metric.extension.AdvancedMetricExtension.onBlocked;LongParameterList;method
Sentinel-1.8.3;com.alibaba.csp.sentinel.metric.extension.AdvancedMetricExtension.onComplete;LongParameterList;method
Sentinel-1.8.3;com.alibaba.csp.sentinel.metric.extension.AdvancedMetricExtension.onError;LongParameterList;method
Sentinel-1.8.3;com.alibaba.csp.sentinel.metric.extension.callback.MetricEntryCallback.onPass;LongParameterList;method
Sentinel-1.8.3;com.alibaba.csp.sentinel.metric.extension.callback.MetricEntryCallback.onBlocked;LongParameterList;method
Sentinel-1.8.3;com.alibaba.csp.sentinel.metric.extension.callback.MetricExitCallback.onExit;LongParameterList;method
Sentinel-1.8.3;com.alibaba.csp.sentinel.metric.extension.MetricExtension.addBlock;LongParameterList;method
Sentinel-1.8.3;com.alibaba.csp.sentinel.node.metric.MetricSearcher.findOffset;LongParameterList;method
Sentinel-1.8.3;com.alibaba.csp.sentinel.node.metric.MetricsReader.readMetricsInOneFileByEndTime;LongParameterList;method
Sentinel-1.8.3;com.alibaba.csp.sentinel.node.metric.MetricsReader.readMetricsInOneFile;LongParameterList;method
Sentinel-1.8.3;com.alibaba.csp.sentinel.node.metric.MetricsReader.readMetricsByEndTime;LongParameterList;method
Sentinel-1.8.3;com.alibaba.csp.sentinel.node.metric.MetricsReader.readMetrics;LongParameterList;method
Sentinel-1.8.3;com.alibaba.csp.sentinel.slotchain.AbstractLinkedProcessorSlot.fireEntry;LongParameterList;method
Sentinel-1.8.3;com.alibaba.csp.sentinel.slotchain.AbstractLinkedProcessorSlot.transformEntry;LongParameterList;method
Sentinel-1.8.3;com.alibaba.csp.sentinel.slotchain.AbstractLinkedProcessorSlot.fireExit;LongParameterList;method
Sentinel-1.8.3;com.alibaba.csp.sentinel.slotchain.DefaultProcessorSlotChain.entry;LongParameterList;method
Sentinel-1.8.3;com.alibaba.csp.sentinel.slotchain.DefaultProcessorSlotChain.exit;LongParameterList;method
Sentinel-1.8.3;com.alibaba.csp.sentinel.slotchain.ProcessorSlot.entry;LongParameterList;method
Sentinel-1.8.3;com.alibaba.csp.sentinel.slotchain.ProcessorSlot.fireEntry;LongParameterList;method
Sentinel-1.8.3;com.alibaba.csp.sentinel.slotchain.ProcessorSlot.exit;LongParameterList;method
Sentinel-1.8.3;com.alibaba.csp.sentinel.slotchain.ProcessorSlot.fireExit;LongParameterList;method
Sentinel-1.8.3;com.alibaba.csp.sentinel.slotchain.ProcessorSlotEntryCallback.onPass;LongParameterList;method
Sentinel-1.8.3;com.alibaba.csp.sentinel.slotchain.ProcessorSlotEntryCallback.onBlocked;LongParameterList;method
Sentinel-1.8.3;com.alibaba.csp.sentinel.slotchain.ProcessorSlotExitCallback.onExit;LongParameterList;method
Sentinel-1.8.3;com.alibaba.csp.sentinel.slots.block.authority.AuthoritySlot.entry;LongParameterList;method
Sentinel-1.8.3;com.alibaba.csp.sentinel.slots.block.authority.AuthoritySlot.exit;LongParameterList;method
Sentinel-1.8.3;com.alibaba.csp.sentinel.slots.block.degrade.circuitbreaker.CircuitBreakerStateChangeObserver.onStateChange;LongParameterList;method
Sentinel-1.8.3;com.alibaba.csp.sentinel.slots.block.degrade.DegradeSlot.entry;LongParameterList;method
Sentinel-1.8.3;com.alibaba.csp.sentinel.slots.block.degrade.DegradeSlot.exit;LongParameterList;method
Sentinel-1.8.3;com.alibaba.csp.sentinel.slots.block.flow.controller.WarmUpRateLimiterController.WarmUpRateLimiterController;LongParameterList;method
Sentinel-1.8.3;com.alibaba.csp.sentinel.slots.block.flow.FlowRuleChecker.checkFlow;LongParameterList;method
Sentinel-1.8.3;com.alibaba.csp.sentinel.slots.block.flow.FlowRuleChecker.canPassCheck;LongParameterList;method
Sentinel-1.8.3;com.alibaba.csp.sentinel.slots.block.flow.FlowRuleChecker.canPassCheck;LongParameterList;method
Sentinel-1.8.3;com.alibaba.csp.sentinel.slots.block.flow.FlowRuleChecker.passLocalCheck;LongParameterList;method
Sentinel-1.8.3;com.alibaba.csp.sentinel.slots.block.flow.FlowRuleChecker.passClusterCheck;LongParameterList;method
Sentinel-1.8.3;com.alibaba.csp.sentinel.slots.block.flow.FlowRuleChecker.fallbackToLocalOrPass;LongParameterList;method
Sentinel-1.8.3;com.alibaba.csp.sentinel.slots.block.flow.FlowRuleChecker.applyTokenResult;LongParameterList;method
Sentinel-1.8.3;com.alibaba.csp.sentinel.slots.block.flow.FlowRuleUtil.buildFlowRuleMap;LongParameterList;method
Sentinel-1.8.3;com.alibaba.csp.sentinel.slots.block.flow.FlowSlot.entry;LongParameterList;method
Sentinel-1.8.3;com.alibaba.csp.sentinel.slots.block.flow.FlowSlot.checkFlow;LongParameterList;method
Sentinel-1.8.3;com.alibaba.csp.sentinel.slots.block.flow.FlowSlot.exit;LongParameterList;method
Sentinel-1.8.3;com.alibaba.csp.sentinel.slots.clusterbuilder.ClusterBuilderSlot.entry;LongParameterList;method
Sentinel-1.8.3;com.alibaba.csp.sentinel.slots.clusterbuilder.ClusterBuilderSlot.exit;LongParameterList;method
Sentinel-1.8.3;com.alibaba.csp.sentinel.slots.logger.EagleEyeLogUtil.log;LongParameterList;method
Sentinel-1.8.3;com.alibaba.csp.sentinel.slots.logger.LogSlot.entry;LongParameterList;method
Sentinel-1.8.3;com.alibaba.csp.sentinel.slots.logger.LogSlot.exit;LongParameterList;method
Sentinel-1.8.3;com.alibaba.csp.sentinel.slots.nodeselector.NodeSelectorSlot.entry;LongParameterList;method
Sentinel-1.8.3;com.alibaba.csp.sentinel.slots.nodeselector.NodeSelectorSlot.exit;LongParameterList;method
Sentinel-1.8.3;com.alibaba.csp.sentinel.slots.statistic.StatisticSlot.entry;LongParameterList;method
Sentinel-1.8.3;com.alibaba.csp.sentinel.slots.statistic.StatisticSlot.exit;LongParameterList;method
Sentinel-1.8.3;com.alibaba.csp.sentinel.slots.statistic.StatisticSlot.recordCompleteFor;LongParameterList;method
Sentinel-1.8.3;com.alibaba.csp.sentinel.slots.system.SystemSlot.entry;LongParameterList;method
Sentinel-1.8.3;com.alibaba.csp.sentinel.slots.system.SystemSlot.exit;LongParameterList;method
Sentinel-1.8.3;com.alibaba.csp.sentinel.Sph.entry;LongParameterList;method
Sentinel-1.8.3;com.alibaba.csp.sentinel.Sph.entry;LongParameterList;method
Sentinel-1.8.3;com.alibaba.csp.sentinel.Sph.asyncEntry;LongParameterList;method
Sentinel-1.8.3;com.alibaba.csp.sentinel.Sph.entryWithPriority;LongParameterList;method
Sentinel-1.8.3;com.alibaba.csp.sentinel.Sph.entryWithPriority;LongParameterList;method
Sentinel-1.8.3;com.alibaba.csp.sentinel.SphO.entry;LongParameterList;method
Sentinel-1.8.3;com.alibaba.csp.sentinel.SphO.entry;LongParameterList;method
Sentinel-1.8.3;com.alibaba.csp.sentinel.SphResourceTypeSupport.entryWithType;LongParameterList;method
Sentinel-1.8.3;com.alibaba.csp.sentinel.SphResourceTypeSupport.entryWithType;LongParameterList;method
Sentinel-1.8.3;com.alibaba.csp.sentinel.SphResourceTypeSupport.asyncEntryWithType;LongParameterList;method
Sentinel-1.8.3;com.alibaba.csp.sentinel.SphU.entry;LongParameterList;method
Sentinel-1.8.3;com.alibaba.csp.sentinel.SphU.entry;LongParameterList;method
Sentinel-1.8.3;com.alibaba.csp.sentinel.SphU.asyncEntry;LongParameterList;method
Sentinel-1.8.3;com.alibaba.csp.sentinel.SphU.entry;LongParameterList;method
Sentinel-1.8.3;com.alibaba.csp.sentinel.SphU.asyncEntry;LongParameterList;method
Sentinel-1.8.3;com.alibaba.csp.sentinel.SphU.asyncEntry;LongParameterList;method
Sentinel-1.8.3;com.alibaba.csp.sentinel.util.StringUtil.regionMatches;LongParameterList;method
Sentinel-1.8.3;com.alibaba.csp.sentinel.CtSphTest.ShouldNotPassSlot.entry;LongParameterList;method
Sentinel-1.8.3;com.alibaba.csp.sentinel.CtSphTest.ShouldNotPassSlot.exit;LongParameterList;method
Sentinel-1.8.3;com.alibaba.csp.sentinel.CtSphTest.MustBlockSlot.entry;LongParameterList;method
Sentinel-1.8.3;com.alibaba.csp.sentinel.CtSphTest.MustBlockSlot.exit;LongParameterList;method
Sentinel-1.8.3;com.alibaba.csp.sentinel.CtSphTest.ShouldPassSlot.entry;LongParameterList;method
Sentinel-1.8.3;com.alibaba.csp.sentinel.CtSphTest.ShouldPassSlot.exit;LongParameterList;method
Sentinel-1.8.3;com.alibaba.csp.sentinel.metric.extension.callback.FakeAdvancedMetricExtension.onBlocked;LongParameterList;method
Sentinel-1.8.3;com.alibaba.csp.sentinel.metric.extension.callback.FakeAdvancedMetricExtension.onComplete;LongParameterList;method
Sentinel-1.8.3;com.alibaba.csp.sentinel.metric.extension.callback.FakeAdvancedMetricExtension.onError;LongParameterList;method
Sentinel-1.8.3;com.alibaba.csp.sentinel.metric.extension.callback.FakeAdvancedMetricExtension.addBlock;LongParameterList;method
Sentinel-1.8.3;com.alibaba.csp.sentinel.metric.extension.callback.FakeMetricExtension.addBlock;LongParameterList;method
Sentinel-1.8.3;com.alibaba.csp.sentinel.dashboard.client.SentinelApiClient.executeCommand;LongParameterList;method
Sentinel-1.8.3;com.alibaba.csp.sentinel.dashboard.client.SentinelApiClient.executeCommand;LongParameterList;method
Sentinel-1.8.3;com.alibaba.csp.sentinel.dashboard.client.SentinelApiClient.executeCommand;LongParameterList;method
Sentinel-1.8.3;com.alibaba.csp.sentinel.dashboard.client.SentinelApiClient.fetchItemsAsync;LongParameterList;method
Sentinel-1.8.3;com.alibaba.csp.sentinel.dashboard.client.SentinelApiClient.fetchItems;LongParameterList;method
Sentinel-1.8.3;com.alibaba.csp.sentinel.dashboard.client.SentinelApiClient.fetchRules;LongParameterList;method
Sentinel-1.8.3;com.alibaba.csp.sentinel.dashboard.client.SentinelApiClient.setRules;LongParameterList;method
Sentinel-1.8.3;com.alibaba.csp.sentinel.dashboard.client.SentinelApiClient.setRulesAsync;LongParameterList;method
Sentinel-1.8.3;com.alibaba.csp.sentinel.dashboard.client.SentinelApiClient.setFlowRuleOfMachine;LongParameterList;method
Sentinel-1.8.3;com.alibaba.csp.sentinel.dashboard.client.SentinelApiClient.setFlowRuleOfMachineAsync;LongParameterList;method
Sentinel-1.8.3;com.alibaba.csp.sentinel.dashboard.client.SentinelApiClient.setDegradeRuleOfMachine;LongParameterList;method
Sentinel-1.8.3;com.alibaba.csp.sentinel.dashboard.client.SentinelApiClient.setSystemRuleOfMachine;LongParameterList;method
Sentinel-1.8.3;com.alibaba.csp.sentinel.dashboard.client.SentinelApiClient.setAuthorityRuleOfMachine;LongParameterList;method
Sentinel-1.8.3;com.alibaba.csp.sentinel.dashboard.client.SentinelApiClient.setParamFlowRuleOfMachine;LongParameterList;method
Sentinel-1.8.3;com.alibaba.csp.sentinel.dashboard.client.SentinelApiClient.modifyClusterClientConfig;LongParameterList;method
Sentinel-1.8.3;com.alibaba.csp.sentinel.dashboard.client.SentinelApiClient.modifyClusterServerFlowConfig;LongParameterList;method
Sentinel-1.8.3;com.alibaba.csp.sentinel.dashboard.client.SentinelApiClient.modifyClusterServerTransportConfig;LongParameterList;method
Sentinel-1.8.3;com.alibaba.csp.sentinel.dashboard.client.SentinelApiClient.modifyClusterServerNamespaceSet;LongParameterList;method
Sentinel-1.8.3;com.alibaba.csp.sentinel.dashboard.client.SentinelApiClient.modifyApis;LongParameterList;method
Sentinel-1.8.3;com.alibaba.csp.sentinel.dashboard.client.SentinelApiClient.modifyGatewayFlowRules;LongParameterList;method
Sentinel-1.8.3;com.alibaba.csp.sentinel.dashboard.controller.FlowControllerV1.apiUpdateFlowRule;LongParameterList;method
Sentinel-1.8.3;com.alibaba.csp.sentinel.dashboard.controller.MachineRegistryController.receiveHeartBeat;LongParameterList;method
Sentinel-1.8.3;com.alibaba.csp.sentinel.dashboard.controller.MetricController.queryTopResourceMetric;LongParameterList;method
Sentinel-1.8.3;com.alibaba.csp.sentinel.dashboard.controller.MetricController.queryByAppAndResource;LongParameterList;method
Sentinel-1.8.3;com.alibaba.csp.sentinel.dashboard.controller.ResourceController.fetchResourceChainListOfMachine;LongParameterList;method
Sentinel-1.8.3;com.alibaba.csp.sentinel.dashboard.controller.SystemController.apiAdd;LongParameterList;method
Sentinel-1.8.3;com.alibaba.csp.sentinel.dashboard.controller.SystemController.apiUpdateIfNotNull;LongParameterList;method
Sentinel-1.8.3;com.alibaba.csp.sentinel.dashboard.datasource.entity.gateway.ApiDefinitionEntity.fromApiDefinition;LongParameterList;method
Sentinel-1.8.3;com.alibaba.csp.sentinel.dashboard.datasource.entity.gateway.GatewayFlowRuleEntity.fromGatewayFlowRule;LongParameterList;method
Sentinel-1.8.3;com.alibaba.csp.sentinel.dashboard.datasource.entity.rule.AuthorityRuleEntity.fromAuthorityRule;LongParameterList;method
Sentinel-1.8.3;com.alibaba.csp.sentinel.dashboard.datasource.entity.rule.DegradeRuleEntity.fromDegradeRule;LongParameterList;method
Sentinel-1.8.3;com.alibaba.csp.sentinel.dashboard.datasource.entity.rule.FlowRuleEntity.fromFlowRule;LongParameterList;method
Sentinel-1.8.3;com.alibaba.csp.sentinel.dashboard.datasource.entity.rule.ParamFlowRuleEntity.fromParamFlowRule;LongParameterList;method
Sentinel-1.8.3;com.alibaba.csp.sentinel.dashboard.datasource.entity.rule.SystemRuleEntity.fromSystemRule;LongParameterList;method
Sentinel-1.8.3;com.alibaba.csp.sentinel.dashboard.datasource.entity.SentinelVersion.SentinelVersion;LongParameterList;method
Sentinel-1.8.3;com.alibaba.csp.sentinel.dashboard.domain.vo.ResourceVo.visit;LongParameterList;method
Sentinel-1.8.3;com.alibaba.csp.sentinel.dashboard.metric.MetricFetcher.fetchOnce;LongParameterList;method
Sentinel-1.8.3;com.alibaba.csp.sentinel.dashboard.repository.metric.InMemoryMetricsRepository.queryByAppAndResourceBetween;LongParameterList;method
Sentinel-1.8.3;com.alibaba.csp.sentinel.dashboard.repository.metric.MetricsRepository.queryByAppAndResourceBetween;LongParameterList;method
Sentinel-1.8.3;com.alibaba.csp.sentinel.dashboard.service.ClusterAssignServiceImpl.applyServerConfigChange;LongParameterList;method
Sentinel-1.8.3;com.alibaba.csp.sentinel.dashboard.service.ClusterAssignServiceImpl.applyServerFlowConfigChange;LongParameterList;method
Sentinel-1.8.3;com.alibaba.csp.sentinel.dashboard.service.ClusterAssignServiceImpl.applyServerNamespaceSetConfig;LongParameterList;method
Sentinel-1.8.3;com.alibaba.csp.sentinel.demo.flow.param.ParamFlowQpsRunner.ParamFlowQpsRunner;LongParameterList;method
Sentinel-1.8.3;com.alibaba.csp.sentinel.demo.slot.DemoSlot.entry;LongParameterList;method
Sentinel-1.8.3;com.alibaba.csp.sentinel.demo.slot.DemoSlot.exit;LongParameterList;method
Sentinel-1.8.3;com.alibaba.csp.sentinel.demo.zuul2.gateway.SampleServerStartup.SampleServerStartup;LongParameterList;method
Sentinel-1.8.3;com.alibaba.csp.sentinel.annotation.aspectj.AbstractSentinelAspectSupport.handleFallback;LongParameterList;method
Sentinel-1.8.3;com.alibaba.csp.sentinel.annotation.aspectj.AbstractSentinelAspectSupport.handleDefaultFallback;LongParameterList;method
Sentinel-1.8.3;com.alibaba.csp.sentinel.annotation.aspectj.AbstractSentinelAspectSupport.resolveFallbackInternal;LongParameterList;method
Sentinel-1.8.3;com.alibaba.csp.sentinel.annotation.aspectj.AbstractSentinelAspectSupport.resolveBlockHandlerInternal;LongParameterList;method
Sentinel-1.8.3;com.alibaba.csp.sentinel.annotation.aspectj.AbstractSentinelAspectSupport.findMethod;LongParameterList;method
Sentinel-1.8.3;com.alibaba.csp.sentinel.annotation.cdi.interceptor.AbstractSentinelInterceptorSupport.handleFallback;LongParameterList;method
Sentinel-1.8.3;com.alibaba.csp.sentinel.annotation.cdi.interceptor.AbstractSentinelInterceptorSupport.handleDefaultFallback;LongParameterList;method
Sentinel-1.8.3;com.alibaba.csp.sentinel.annotation.cdi.interceptor.AbstractSentinelInterceptorSupport.resolveFallbackInternal;LongParameterList;method
Sentinel-1.8.3;com.alibaba.csp.sentinel.annotation.cdi.interceptor.AbstractSentinelInterceptorSupport.resolveBlockHandlerInternal;LongParameterList;method
Sentinel-1.8.3;com.alibaba.csp.sentinel.annotation.cdi.interceptor.AbstractSentinelInterceptorSupport.findMethod;LongParameterList;method
Sentinel-1.8.3;com.alibaba.csp.sentinel.datasource.apollo.ApolloDataSource.ApolloDataSource;LongParameterList;method
Sentinel-1.8.3;com.alibaba.csp.sentinel.datasource.consul.ConsulDataSource.ConsulDataSource;LongParameterList;method
Sentinel-1.8.3;com.alibaba.csp.sentinel.datasource.consul.ConsulDataSource.ConsulDataSource;LongParameterList;method
Sentinel-1.8.3;com.alibaba.csp.sentinel.datasource.consul.ConsulDataSource.ConsulDataSource;LongParameterList;method
Sentinel-1.8.3;com.alibaba.csp.sentinel.datasource.eureka.EurekaDataSource.EurekaDataSource;LongParameterList;method
Sentinel-1.8.3;com.alibaba.csp.sentinel.datasource.eureka.EurekaDataSource.EurekaDataSource;LongParameterList;method
Sentinel-1.8.3;com.alibaba.csp.sentinel.datasource.eureka.EurekaDataSource.fetchStringSourceFromEurekaMetadata;LongParameterList;method
Sentinel-1.8.3;com.alibaba.csp.sentinel.datasource.FileInJarReadableDataSource.FileInJarReadableDataSource;LongParameterList;method
Sentinel-1.8.3;com.alibaba.csp.sentinel.datasource.FileInJarReadableDataSource.FileInJarReadableDataSource;LongParameterList;method
Sentinel-1.8.3;com.alibaba.csp.sentinel.datasource.FileInJarReadableDataSource.FileInJarReadableDataSource;LongParameterList;method
Sentinel-1.8.3;com.alibaba.csp.sentinel.datasource.FileRefreshableDataSource.FileRefreshableDataSource;LongParameterList;method
Sentinel-1.8.3;com.alibaba.csp.sentinel.datasource.nacos.NacosDataSource.NacosDataSource;LongParameterList;method
Sentinel-1.8.3;com.alibaba.csp.sentinel.datasource.nacos.NacosDataSource.NacosDataSource;LongParameterList;method
Sentinel-1.8.3;com.alibaba.csp.sentinel.datasource.redis.RedisDataSource.RedisDataSource;LongParameterList;method
Sentinel-1.8.3;com.alibaba.csp.sentinel.datasource.spring.cloud.config.SentinelRuleLocator.getRemoteEnvironment;LongParameterList;method
Sentinel-1.8.3;com.alibaba.csp.sentinel.datasource.spring.cloud.config.SentinelRuleLocator.addAuthorizationToken;LongParameterList;method
Sentinel-1.8.3;com.alibaba.csp.sentinel.datasource.zookeeper.ZookeeperDataSource.ZookeeperDataSource;LongParameterList;method
Sentinel-1.8.3;com.alibaba.csp.sentinel.datasource.zookeeper.ZookeeperDataSource.ZookeeperDataSource;LongParameterList;method
Sentinel-1.8.3;com.alibaba.csp.sentinel.datasource.zookeeper.ZookeeperDataSourceTest.publishThenTestFor;LongParameterList;method
Sentinel-1.8.3;com.alibaba.csp.sentinel.slots.block.flow.param.ParamFlowChecker.passCheck;LongParameterList;method
Sentinel-1.8.3;com.alibaba.csp.sentinel.slots.block.flow.param.ParamFlowChecker.passLocalCheck;LongParameterList;method
Sentinel-1.8.3;com.alibaba.csp.sentinel.slots.block.flow.param.ParamFlowChecker.passSingleValueCheck;LongParameterList;method
Sentinel-1.8.3;com.alibaba.csp.sentinel.slots.block.flow.param.ParamFlowChecker.passDefaultLocalCheck;LongParameterList;method
Sentinel-1.8.3;com.alibaba.csp.sentinel.slots.block.flow.param.ParamFlowChecker.passThrottleLocalCheck;LongParameterList;method
Sentinel-1.8.3;com.alibaba.csp.sentinel.slots.block.flow.param.ParamFlowChecker.passClusterCheck;LongParameterList;method
Sentinel-1.8.3;com.alibaba.csp.sentinel.slots.block.flow.param.ParamFlowChecker.fallbackToLocalOrPass;LongParameterList;method
Sentinel-1.8.3;com.alibaba.csp.sentinel.slots.block.flow.param.ParamFlowRuleUtil.buildParamRuleMap;LongParameterList;method
Sentinel-1.8.3;com.alibaba.csp.sentinel.slots.block.flow.param.ParamFlowSlot.entry;LongParameterList;method
Sentinel-1.8.3;com.alibaba.csp.sentinel.slots.block.flow.param.ParamFlowSlot.exit;LongParameterList;method
Sentinel-1.8.3;com.alibaba.csp.sentinel.slots.statistic.ParamFlowStatisticEntryCallback.onPass;LongParameterList;method
Sentinel-1.8.3;com.alibaba.csp.sentinel.slots.statistic.ParamFlowStatisticEntryCallback.onBlocked;LongParameterList;method
Sentinel-1.8.3;com.alibaba.csp.sentinel.slots.statistic.ParamFlowStatisticExitCallback.onExit;LongParameterList;method
Sentinel-1.8.3;com.alibaba.csp.sentinel.transport.heartbeat.client.SimpleHttpClient.request;LongParameterList;method
Sentinel-1.8.3;com.alibaba.csp.sentinel.transport.heartbeat.client.SimpleHttpClient.getRequestPath;LongParameterList;method
Sentinel-1.8.3;com.alibaba.csp.sentinel.transport.command.SentinelApiHandler.writeResponse;LongParameterList;method
