arthas-arthas-all-3.4.3;com.taobao.arthas.boot.Bootstrap.checkTelnetPortPid;FeatureEnvy;method
arthas-arthas-all-3.4.3;com.taobao.arthas.boot.Bootstrap.findProcessByTelnetClient;FeatureEnvy;method
arthas-arthas-all-3.4.3;com.taobao.arthas.boot.DownloadUtils.saveUrl;FeatureEnvy;method
arthas-arthas-all-3.4.3;com.taobao.arthas.boot.ProcessUtils.startArthasCore;FeatureEnvy;method
arthas-arthas-all-3.4.3;com.taobao.arthas.boot.ProcessUtils.findJps;FeatureEnvy;method
arthas-arthas-all-3.4.3;com.taobao.arthas.bytekit.asm.binding.ArgNamesBinding.pushOntoStack;FeatureEnvy;method
arthas-arthas-all-3.4.3;com.taobao.arthas.bytekit.asm.binding.ArrayBinding.pushOntoStack;FeatureEnvy;method
arthas-arthas-all-3.4.3;com.taobao.arthas.bytekit.asm.binding.Binding.FieldBindingParser.parse;FeatureEnvy;method
arthas-arthas-all-3.4.3;com.taobao.arthas.bytekit.asm.binding.LocalVarNamesBinding.pushOntoStack;FeatureEnvy;method
arthas-arthas-all-3.4.3;com.taobao.arthas.bytekit.asm.binding.LocalVarsBinding.pushOntoStack;FeatureEnvy;method
arthas-arthas-all-3.4.3;com.taobao.arthas.bytekit.asm.binding.MethodBinding.pushOntoStack;FeatureEnvy;method
arthas-arthas-all-3.4.3;com.taobao.arthas.bytekit.asm.inst.impl.InstrumentImpl.replaceInvokeOrigin;FeatureEnvy;method
arthas-arthas-all-3.4.3;com.taobao.arthas.bytekit.asm.interceptor.annotation.AtExceptionExit.ExceptionExitInterceptorProcessorParser.parse;FeatureEnvy;method
arthas-arthas-all-3.4.3;com.taobao.arthas.bytekit.asm.interceptor.annotation.AtFieldAccess.FieldAccessInterceptorProcessorParser.parse;FeatureEnvy;method
arthas-arthas-all-3.4.3;com.taobao.arthas.bytekit.asm.interceptor.annotation.AtInvoke.InvokeInterceptorProcessorParser.parse;FeatureEnvy;method
arthas-arthas-all-3.4.3;com.taobao.arthas.bytekit.asm.interceptor.annotation.AtInvokeException.InvokeExceptionInterceptorProcessorParser.parse;FeatureEnvy;method
arthas-arthas-all-3.4.3;com.taobao.arthas.bytekit.asm.interceptor.annotation.AtLine.LineInterceptorProcessorParser.parse;FeatureEnvy;method
arthas-arthas-all-3.4.3;com.taobao.arthas.bytekit.asm.interceptor.annotation.AtSyncEnter.SyncEnterInterceptorProcessorParser.parse;FeatureEnvy;method
arthas-arthas-all-3.4.3;com.taobao.arthas.bytekit.asm.interceptor.annotation.AtSyncExit.SyncExitInterceptorProcessorParser.parse;FeatureEnvy;method
arthas-arthas-all-3.4.3;com.taobao.arthas.bytekit.asm.interceptor.annotation.AtThrow.ThrowInterceptorProcessorParser.parse;FeatureEnvy;method
arthas-arthas-all-3.4.3;com.taobao.arthas.bytekit.asm.interceptor.annotation.ExceptionHandlerUtils.errorHandlerMethodConfig;FeatureEnvy;method
arthas-arthas-all-3.4.3;com.taobao.arthas.bytekit.asm.interceptor.annotation.InterceptorParserUtils.createInterceptorProcessor;FeatureEnvy;method
arthas-arthas-all-3.4.3;com.taobao.arthas.bytekit.asm.interceptor.InterceptorProcessor.process;FeatureEnvy;method
arthas-arthas-all-3.4.3;com.taobao.arthas.bytekit.asm.interceptor.InterceptorProcessor.errorHandler;FeatureEnvy;method
arthas-arthas-all-3.4.3;com.taobao.arthas.bytekit.asm.location.Location.InvokeLocation.getStackSaver;FeatureEnvy;method
arthas-arthas-all-3.4.3;com.taobao.arthas.bytekit.asm.location.Location.ExitLocation.getStackSaver;FeatureEnvy;method
arthas-arthas-all-3.4.3;com.taobao.arthas.bytekit.asm.MethodProcessor.initTryCatchBlock;FeatureEnvy;method
arthas-arthas-all-3.4.3;com.taobao.arthas.bytekit.utils.ClassLoaderUtils.getUrls;FeatureEnvy;method
arthas-arthas-all-3.4.3;com.taobao.arthas.bytekit.asm.inst.InstDemoTest.test;FeatureEnvy;method
arthas-arthas-all-3.4.3;com.taobao.arthas.bytekit.asm.inst.InvokeOriginTest.before;FeatureEnvy;method
arthas-arthas-all-3.4.3;com.taobao.arthas.bytekit.asm.inst.InvokeOriginTest.replace;FeatureEnvy;method
arthas-arthas-all-3.4.3;com.taobao.arthas.bytekit.asm.interceptor.AtEnterTest.testEnter;FeatureEnvy;method
arthas-arthas-all-3.4.3;com.taobao.arthas.bytekit.asm.interceptor.AtExceptionExitTest.testExecptionExitException;FeatureEnvy;method
arthas-arthas-all-3.4.3;com.taobao.arthas.bytekit.asm.interceptor.AtExitTest.testExit;FeatureEnvy;method
arthas-arthas-all-3.4.3;com.taobao.arthas.bytekit.asm.interceptor.AtExitTest.testExitAndChangeReturn;FeatureEnvy;method
arthas-arthas-all-3.4.3;com.taobao.arthas.bytekit.asm.interceptor.AtFieldAccessTest.testEnter;FeatureEnvy;method
arthas-arthas-all-3.4.3;com.taobao.arthas.bytekit.asm.interceptor.AtInvokeTest.testInvokeBefore;FeatureEnvy;method
arthas-arthas-all-3.4.3;com.taobao.arthas.bytekit.asm.interceptor.AtLineTest.testLine;FeatureEnvy;method
arthas-arthas-all-3.4.3;com.taobao.arthas.bytekit.asm.interceptor.AtSyncEnterTest.test;FeatureEnvy;method
arthas-arthas-all-3.4.3;com.taobao.arthas.bytekit.asm.interceptor.AtSyncExitTest.test;FeatureEnvy;method
arthas-arthas-all-3.4.3;com.taobao.arthas.bytekit.asm.interceptor.AtThrowTest.testThrow;FeatureEnvy;method
arthas-arthas-all-3.4.3;com.taobao.arthas.bytekit.asm.interceptor.InlineWhileTest.test1;FeatureEnvy;method
arthas-arthas-all-3.4.3;com.taobao.arthas.bytekit.asm.interceptor.InlineWhileTest.test2;FeatureEnvy;method
arthas-arthas-all-3.4.3;com.taobao.arthas.bytekit.asm.location.filter.GroupFilterTest.test;FeatureEnvy;method
arthas-arthas-all-3.4.3;com.taobao.arthas.bytekit.asm.location.filter.GroupFilterTest.test2;FeatureEnvy;method
arthas-arthas-all-3.4.3;com.taobao.arthas.bytekit.asm.location.filter.InvokeCheckLocationFilterTest.test;FeatureEnvy;method
arthas-arthas-all-3.4.3;com.taobao.arthas.bytekit.asm.location.filter.InvokeCheckLocationFilterTest.test2;FeatureEnvy;method
arthas-arthas-all-3.4.3;com.taobao.arthas.bytekit.asm.location.filter.InvokeContainLocationFilterTest.test;FeatureEnvy;method
arthas-arthas-all-3.4.3;com.taobao.arthas.bytekit.utils.AsmAnnotationUtilsTest.test;FeatureEnvy;method
arthas-arthas-all-3.4.3;com.taobao.arthas.bytekit.utils.AsmUtilsTest.testMethodDeclaration;FeatureEnvy;method
arthas-arthas-all-3.4.3;com.taobao.arthas.bytekit.utils.AsmUtilsTest.testGetMajorVersion;FeatureEnvy;method
arthas-arthas-all-3.4.3;org.apache.commons.net.PrintCommandListener.protocolCommandSent;FeatureEnvy;method
arthas-arthas-all-3.4.3;org.apache.commons.net.telnet.Telnet._connectAction_;FeatureEnvy;method
arthas-arthas-all-3.4.3;org.apache.commons.net.telnet.TelnetInputStream.__read;FeatureEnvy;method
arthas-arthas-all-3.4.3;org.apache.commons.net.telnet.TelnetOutputStream.write;FeatureEnvy;method
arthas-arthas-all-3.4.3;com.taobao.arthas.common.concurrent.ConcurrentWeakKeyHashMap.Segment.put;FeatureEnvy;method
arthas-arthas-all-3.4.3;com.taobao.arthas.common.concurrent.ConcurrentWeakKeyHashMap.Segment.remove;FeatureEnvy;method
arthas-arthas-all-3.4.3;com.taobao.arthas.common.ExecutingCommand.runNative;FeatureEnvy;method
arthas-arthas-all-3.4.3;com.taobao.arthas.core.advisor.Enhancer.transform;FeatureEnvy;method
arthas-arthas-all-3.4.3;com.taobao.arthas.core.Arthas.parse;FeatureEnvy;method
arthas-arthas-all-3.4.3;com.taobao.arthas.core.Arthas.attachAgent;FeatureEnvy;method
arthas-arthas-all-3.4.3;com.taobao.arthas.core.command.basic1000.CatCommand.process;FeatureEnvy;method
arthas-arthas-all-3.4.3;com.taobao.arthas.core.command.basic1000.ClsCommand.process;FeatureEnvy;method
arthas-arthas-all-3.4.3;com.taobao.arthas.core.command.basic1000.HelpCommand.createCommandVO;FeatureEnvy;method
arthas-arthas-all-3.4.3;com.taobao.arthas.core.command.basic1000.HelpCommand.createOptionVO;FeatureEnvy;method
arthas-arthas-all-3.4.3;com.taobao.arthas.core.command.basic1000.HistoryCommand.process;FeatureEnvy;method
arthas-arthas-all-3.4.3;com.taobao.arthas.core.command.basic1000.KeymapCommand.process;FeatureEnvy;method
arthas-arthas-all-3.4.3;com.taobao.arthas.core.command.basic1000.OptionsCommand.processChangeNameValue;FeatureEnvy;method
arthas-arthas-all-3.4.3;com.taobao.arthas.core.command.basic1000.OptionsCommand.convertToOptionVO;FeatureEnvy;method
arthas-arthas-all-3.4.3;com.taobao.arthas.core.command.basic1000.ResetCommand.process;FeatureEnvy;method
arthas-arthas-all-3.4.3;com.taobao.arthas.core.command.basic1000.SessionCommand.process;FeatureEnvy;method
arthas-arthas-all-3.4.3;com.taobao.arthas.core.command.basic1000.ShutdownCommand.shutdown;FeatureEnvy;method
arthas-arthas-all-3.4.3;com.taobao.arthas.core.command.basic1000.SystemPropertyCommand.process;FeatureEnvy;method
arthas-arthas-all-3.4.3;com.taobao.arthas.core.command.basic1000.VMOptionCommand.run;FeatureEnvy;method
arthas-arthas-all-3.4.3;com.taobao.arthas.core.command.BuiltinCommandPack.initCommands;FeatureEnvy;method
arthas-arthas-all-3.4.3;com.taobao.arthas.core.command.klass100.ClassLoaderCommand.processClassLoader;FeatureEnvy;method
arthas-arthas-all-3.4.3;com.taobao.arthas.core.command.klass100.ClassLoaderCommand.processLoadClass;FeatureEnvy;method
arthas-arthas-all-3.4.3;com.taobao.arthas.core.command.klass100.DumpClassCommand.process;FeatureEnvy;method
arthas-arthas-all-3.4.3;com.taobao.arthas.core.command.klass100.GetStaticCommand.process;FeatureEnvy;method
arthas-arthas-all-3.4.3;com.taobao.arthas.core.command.klass100.JadCommand.process;FeatureEnvy;method
arthas-arthas-all-3.4.3;com.taobao.arthas.core.command.klass100.MemoryCompilerCommand.process;FeatureEnvy;method
arthas-arthas-all-3.4.3;com.taobao.arthas.core.command.klass100.OgnlCommand.process;FeatureEnvy;method
arthas-arthas-all-3.4.3;com.taobao.arthas.core.command.klass100.RedefineCommand.process;FeatureEnvy;method
arthas-arthas-all-3.4.3;com.taobao.arthas.core.command.klass100.SearchClassCommand.process;FeatureEnvy;method
arthas-arthas-all-3.4.3;com.taobao.arthas.core.command.klass100.SearchMethodCommand.process;FeatureEnvy;method
arthas-arthas-all-3.4.3;com.taobao.arthas.core.command.logger.LoggerCommand.loggers;FeatureEnvy;method
arthas-arthas-all-3.4.3;com.taobao.arthas.core.command.model.BusyThreadInfo.BusyThreadInfo;FeatureEnvy;method
arthas-arthas-all-3.4.3;com.taobao.arthas.core.command.model.EnhancerAffectVO.EnhancerAffectVO;FeatureEnvy;method
arthas-arthas-all-3.4.3;com.taobao.arthas.core.command.model.TraceTree.matchNode;FeatureEnvy;method
arthas-arthas-all-3.4.3;com.taobao.arthas.core.command.monitor200.AbstractTraceAdviceListener.finishing;FeatureEnvy;method
arthas-arthas-all-3.4.3;com.taobao.arthas.core.command.monitor200.DashboardCommand.process;FeatureEnvy;method
arthas-arthas-all-3.4.3;com.taobao.arthas.core.command.monitor200.DashboardCommand.addRuntimeInfo;FeatureEnvy;method
arthas-arthas-all-3.4.3;com.taobao.arthas.core.command.monitor200.DashboardCommand.addTomcatInfo;FeatureEnvy;method
arthas-arthas-all-3.4.3;com.taobao.arthas.core.command.monitor200.DashboardCommand.DashboardTimerTask.run;FeatureEnvy;method
arthas-arthas-all-3.4.3;com.taobao.arthas.core.command.monitor200.EnhancerCommand.enhance;FeatureEnvy;method
arthas-arthas-all-3.4.3;com.taobao.arthas.core.command.monitor200.HeapDumpCommand.process;FeatureEnvy;method
arthas-arthas-all-3.4.3;com.taobao.arthas.core.command.monitor200.JvmCommand.addRuntimeInfo;FeatureEnvy;method
arthas-arthas-all-3.4.3;com.taobao.arthas.core.command.monitor200.JvmCommand.addClassLoading;FeatureEnvy;method
arthas-arthas-all-3.4.3;com.taobao.arthas.core.command.monitor200.JvmCommand.addOperatingSystem;FeatureEnvy;method
arthas-arthas-all-3.4.3;com.taobao.arthas.core.command.monitor200.JvmCommand.addThread;FeatureEnvy;method
arthas-arthas-all-3.4.3;com.taobao.arthas.core.command.monitor200.MBeanCommand.listAttribute;FeatureEnvy;method
arthas-arthas-all-3.4.3;com.taobao.arthas.core.command.monitor200.MBeanCommand.MBeanTimerTask.run;FeatureEnvy;method
arthas-arthas-all-3.4.3;com.taobao.arthas.core.command.monitor200.MonitorAdviceListener.finishing;FeatureEnvy;method
arthas-arthas-all-3.4.3;com.taobao.arthas.core.command.monitor200.StackAdviceListener.finishing;FeatureEnvy;method
arthas-arthas-all-3.4.3;com.taobao.arthas.core.command.monitor200.ThreadCommand.processAllThreads;FeatureEnvy;method
arthas-arthas-all-3.4.3;com.taobao.arthas.core.command.monitor200.ThreadSampler.sample;FeatureEnvy;method
arthas-arthas-all-3.4.3;com.taobao.arthas.core.command.monitor200.ThreadSampler.createThreadVO;FeatureEnvy;method
arthas-arthas-all-3.4.3;com.taobao.arthas.core.command.monitor200.TimeTunnelAdviceListener.afterFinishing;FeatureEnvy;method
arthas-arthas-all-3.4.3;com.taobao.arthas.core.command.monitor200.TimeTunnelCommand.checkArguments;FeatureEnvy;method
arthas-arthas-all-3.4.3;com.taobao.arthas.core.command.monitor200.TimeTunnelCommand.processShow;FeatureEnvy;method
arthas-arthas-all-3.4.3;com.taobao.arthas.core.command.monitor200.TimeTunnelCommand.processWatch;FeatureEnvy;method
arthas-arthas-all-3.4.3;com.taobao.arthas.core.command.monitor200.TimeTunnelCommand.processSearch;FeatureEnvy;method
arthas-arthas-all-3.4.3;com.taobao.arthas.core.command.monitor200.TimeTunnelCommand.createTimeFragmentVO;FeatureEnvy;method
arthas-arthas-all-3.4.3;com.taobao.arthas.core.command.monitor200.TimeTunnelCommand.processPlay;FeatureEnvy;method
arthas-arthas-all-3.4.3;com.taobao.arthas.core.command.monitor200.TimeTunnelTable.fillTableRow;FeatureEnvy;method
arthas-arthas-all-3.4.3;com.taobao.arthas.core.command.monitor200.TimeTunnelTable.drawTimeTunnel;FeatureEnvy;method
arthas-arthas-all-3.4.3;com.taobao.arthas.core.command.monitor200.WatchAdviceListener.isFinish;FeatureEnvy;method
arthas-arthas-all-3.4.3;com.taobao.arthas.core.command.monitor200.WatchAdviceListener.watching;FeatureEnvy;method
arthas-arthas-all-3.4.3;com.taobao.arthas.core.command.view.ClassLoaderView.draw;FeatureEnvy;method
arthas-arthas-all-3.4.3;com.taobao.arthas.core.command.view.ClassLoaderView.renderClasses;FeatureEnvy;method
arthas-arthas-all-3.4.3;com.taobao.arthas.core.command.view.ClassLoaderView.renderTable;FeatureEnvy;method
arthas-arthas-all-3.4.3;com.taobao.arthas.core.command.view.DashboardView.draw;FeatureEnvy;method
arthas-arthas-all-3.4.3;com.taobao.arthas.core.command.view.DashboardView.drawMemoryInfo;FeatureEnvy;method
arthas-arthas-all-3.4.3;com.taobao.arthas.core.command.view.DashboardView.drawGcInfo;FeatureEnvy;method
arthas-arthas-all-3.4.3;com.taobao.arthas.core.command.view.DashboardView.drawRuntimeInfo;FeatureEnvy;method
arthas-arthas-all-3.4.3;com.taobao.arthas.core.command.view.DashboardView.drawTomcatInfo;FeatureEnvy;method
arthas-arthas-all-3.4.3;com.taobao.arthas.core.command.view.DashboardView.MemoryEntry.MemoryEntry;FeatureEnvy;method
arthas-arthas-all-3.4.3;com.taobao.arthas.core.command.view.DumpClassView.draw;FeatureEnvy;method
arthas-arthas-all-3.4.3;com.taobao.arthas.core.command.view.GetStaticView.draw;FeatureEnvy;method
arthas-arthas-all-3.4.3;com.taobao.arthas.core.command.view.HelpView.draw;FeatureEnvy;method
arthas-arthas-all-3.4.3;com.taobao.arthas.core.command.view.JadView.draw;FeatureEnvy;method
arthas-arthas-all-3.4.3;com.taobao.arthas.core.command.view.JvmView.draw;FeatureEnvy;method
arthas-arthas-all-3.4.3;com.taobao.arthas.core.command.view.MBeanView.draw;FeatureEnvy;method
arthas-arthas-all-3.4.3;com.taobao.arthas.core.command.view.MBeanView.drawMBeanAttributes;FeatureEnvy;method
arthas-arthas-all-3.4.3;com.taobao.arthas.core.command.view.MemoryCompilerView.draw;FeatureEnvy;method
arthas-arthas-all-3.4.3;com.taobao.arthas.core.command.view.MonitorView.draw;FeatureEnvy;method
arthas-arthas-all-3.4.3;com.taobao.arthas.core.command.view.OgnlView.draw;FeatureEnvy;method
arthas-arthas-all-3.4.3;com.taobao.arthas.core.command.view.OptionsView.draw;FeatureEnvy;method
arthas-arthas-all-3.4.3;com.taobao.arthas.core.command.view.OptionsView.drawShowTable;FeatureEnvy;method
arthas-arthas-all-3.4.3;com.taobao.arthas.core.command.view.PerfCounterView.draw;FeatureEnvy;method
arthas-arthas-all-3.4.3;com.taobao.arthas.core.command.view.ProfilerView.draw;FeatureEnvy;method
arthas-arthas-all-3.4.3;com.taobao.arthas.core.command.view.RedefineView.draw;FeatureEnvy;method
arthas-arthas-all-3.4.3;com.taobao.arthas.core.command.view.SearchClassView.draw;FeatureEnvy;method
arthas-arthas-all-3.4.3;com.taobao.arthas.core.command.view.SearchMethodView.draw;FeatureEnvy;method
arthas-arthas-all-3.4.3;com.taobao.arthas.core.command.view.SessionView.draw;FeatureEnvy;method
arthas-arthas-all-3.4.3;com.taobao.arthas.core.command.view.ThreadView.draw;FeatureEnvy;method
arthas-arthas-all-3.4.3;com.taobao.arthas.core.command.view.TimeTunnelView.draw;FeatureEnvy;method
arthas-arthas-all-3.4.3;com.taobao.arthas.core.command.view.TraceView.drawTree;FeatureEnvy;method
arthas-arthas-all-3.4.3;com.taobao.arthas.core.command.view.TraceView.renderNode;FeatureEnvy;method
arthas-arthas-all-3.4.3;com.taobao.arthas.core.command.view.TraceView.renderCost;FeatureEnvy;method
arthas-arthas-all-3.4.3;com.taobao.arthas.core.command.view.ViewRenderUtil.renderEnhancerAffect;FeatureEnvy;method
arthas-arthas-all-3.4.3;com.taobao.arthas.core.command.view.ViewRenderUtil.drawThreadInfo;FeatureEnvy;method
arthas-arthas-all-3.4.3;com.taobao.arthas.core.command.view.VMOptionView.draw;FeatureEnvy;method
arthas-arthas-all-3.4.3;com.taobao.arthas.core.command.view.VMOptionView.renderVMOptions;FeatureEnvy;method
arthas-arthas-all-3.4.3;com.taobao.arthas.core.command.view.WatchView.draw;FeatureEnvy;method
arthas-arthas-all-3.4.3;com.taobao.arthas.core.server.ArthasBootstrap.tryToLoadArthasProperties;FeatureEnvy;method
arthas-arthas-all-3.4.3;com.taobao.arthas.core.server.ArthasBootstrap.bind;FeatureEnvy;method
arthas-arthas-all-3.4.3;com.taobao.arthas.core.shell.cli.CompletionUtils.completeMethodName;FeatureEnvy;method
arthas-arthas-all-3.4.3;com.taobao.arthas.core.shell.cli.CompletionUtils.detectArgumentIndex;FeatureEnvy;method
arthas-arthas-all-3.4.3;com.taobao.arthas.core.shell.cli.CompletionUtils.complete;FeatureEnvy;method
arthas-arthas-all-3.4.3;com.taobao.arthas.core.shell.cli.impl.CliTokenImpl.correctPipeChar;FeatureEnvy;method
arthas-arthas-all-3.4.3;com.taobao.arthas.core.shell.command.internal.GrepHandler.inject;FeatureEnvy;method
arthas-arthas-all-3.4.3;com.taobao.arthas.core.shell.command.internal.StdoutHandler.inject;FeatureEnvy;method
arthas-arthas-all-3.4.3;com.taobao.arthas.core.shell.command.internal.StdoutHandler.parseArgs;FeatureEnvy;method
arthas-arthas-all-3.4.3;com.taobao.arthas.core.shell.future.Future.completer;FeatureEnvy;method
arthas-arthas-all-3.4.3;com.taobao.arthas.core.shell.handlers.shell.ShellLineHandler.handleKill;FeatureEnvy;method
arthas-arthas-all-3.4.3;com.taobao.arthas.core.shell.handlers.shell.ShellLineHandler.handleBackground;FeatureEnvy;method
arthas-arthas-all-3.4.3;com.taobao.arthas.core.shell.handlers.shell.ShellLineHandler.handleForeground;FeatureEnvy;method
arthas-arthas-all-3.4.3;com.taobao.arthas.core.shell.impl.BuiltinCommandResolver.commands;FeatureEnvy;method
arthas-arthas-all-3.4.3;com.taobao.arthas.core.shell.impl.ShellImpl.ShellImpl;FeatureEnvy;method
arthas-arthas-all-3.4.3;com.taobao.arthas.core.shell.impl.ShellImpl.init;FeatureEnvy;method
arthas-arthas-all-3.4.3;com.taobao.arthas.core.shell.impl.ShellImpl.statusLine;FeatureEnvy;method
arthas-arthas-all-3.4.3;com.taobao.arthas.core.shell.impl.ShellServerImpl.ShellServerImpl;FeatureEnvy;method
arthas-arthas-all-3.4.3;com.taobao.arthas.core.shell.impl.ShellServerImpl.evictSessions;FeatureEnvy;method
arthas-arthas-all-3.4.3;com.taobao.arthas.core.shell.session.impl.SessionManagerImpl.SessionManagerImpl;FeatureEnvy;method
arthas-arthas-all-3.4.3;com.taobao.arthas.core.shell.session.impl.SessionManagerImpl.createSession;FeatureEnvy;method
arthas-arthas-all-3.4.3;com.taobao.arthas.core.shell.session.impl.SessionManagerImpl.close;FeatureEnvy;method
arthas-arthas-all-3.4.3;com.taobao.arthas.core.shell.session.impl.SessionManagerImpl.evictSessions;FeatureEnvy;method
arthas-arthas-all-3.4.3;com.taobao.arthas.core.shell.system.impl.ProcessImpl.updateStatus;FeatureEnvy;method
arthas-arthas-all-3.4.3;com.taobao.arthas.core.shell.term.impl.http.api.HttpApiHandler.processInitSessionRequest;FeatureEnvy;method
arthas-arthas-all-3.4.3;com.taobao.arthas.core.shell.term.impl.http.api.HttpApiHandler.processSessionInfoRequest;FeatureEnvy;method
arthas-arthas-all-3.4.3;com.taobao.arthas.core.shell.term.impl.http.api.HttpApiHandler.processExecRequest;FeatureEnvy;method
arthas-arthas-all-3.4.3;com.taobao.arthas.core.shell.term.impl.http.api.HttpApiHandler.processAsyncExecRequest;FeatureEnvy;method
arthas-arthas-all-3.4.3;com.taobao.arthas.core.shell.term.impl.http.api.HttpApiHandler.processInterruptJob;FeatureEnvy;method
arthas-arthas-all-3.4.3;com.taobao.arthas.core.shell.term.impl.http.api.HttpApiHandler.processPullResultsRequest;FeatureEnvy;method
arthas-arthas-all-3.4.3;com.taobao.arthas.core.util.ClassUtils.renderClassInfo;FeatureEnvy;method
arthas-arthas-all-3.4.3;com.taobao.arthas.core.util.ClassUtils.createClassInfo;FeatureEnvy;method
arthas-arthas-all-3.4.3;com.taobao.arthas.core.util.ClassUtils.createMethodInfo;FeatureEnvy;method
arthas-arthas-all-3.4.3;com.taobao.arthas.core.util.ClassUtils.createMethodInfo;FeatureEnvy;method
arthas-arthas-all-3.4.3;com.taobao.arthas.core.util.ClassUtils.renderMethod;FeatureEnvy;method
arthas-arthas-all-3.4.3;com.taobao.arthas.core.util.ClassUtils.renderConstructor;FeatureEnvy;method
arthas-arthas-all-3.4.3;com.taobao.arthas.core.util.reflect.ArthasReflectUtils.valueOf;FeatureEnvy;method
arthas-arthas-all-3.4.3;com.taobao.arthas.core.util.ThreadUtil.createThreadVO;FeatureEnvy;method
arthas-arthas-all-3.4.3;com.taobao.arthas.core.util.ThreadUtil.getFullStacktrace;FeatureEnvy;method
arthas-arthas-all-3.4.3;com.taobao.arthas.core.util.ThreadUtil.getFullStacktrace;FeatureEnvy;method
arthas-arthas-all-3.4.3;com.taobao.arthas.core.util.ThreadUtil.getThreadStackModel;FeatureEnvy;method
arthas-arthas-all-3.4.3;com.taobao.arthas.core.util.ThreadUtil.getThreadNode;FeatureEnvy;method
arthas-arthas-all-3.4.3;com.taobao.arthas.core.util.ThreadUtil.getThreadTitle;FeatureEnvy;method
arthas-arthas-all-3.4.3;com.taobao.arthas.core.util.TypeRenderUtils.drawField;FeatureEnvy;method
arthas-arthas-all-3.4.3;com.taobao.arthas.core.util.TypeRenderUtils.getFields;FeatureEnvy;method
arthas-arthas-all-3.4.3;com.taobao.arthas.core.util.UserStatUtil.arthasUsage;FeatureEnvy;method
arthas-arthas-all-3.4.3;com.taobao.arthas.core.view.ClassInfoView.drawClassInfo;FeatureEnvy;method
arthas-arthas-all-3.4.3;com.taobao.arthas.core.view.ClassInfoView.drawField;FeatureEnvy;method
arthas-arthas-all-3.4.3;com.taobao.arthas.core.view.MethodInfoView.draw;FeatureEnvy;method
arthas-arthas-all-3.4.3;com.taobao.arthas.core.view.TreeView.draw;FeatureEnvy;method
arthas-arthas-all-3.4.3;com.taobao.arthas.core.advisor.EnhancerTest.test;FeatureEnvy;method
arthas-arthas-all-3.4.3;com.taobao.arthas.core.config.PropertiesInjectUtilTest.test;FeatureEnvy;method
arthas-arthas-all-3.4.3;com.taobao.arthas.core.config.ServerPropertiesTest.test;FeatureEnvy;method
arthas-arthas-all-3.4.3;com.taobao.arthas.core.env.ArthasEnvironmentTest.test_properties;FeatureEnvy;method
arthas-arthas-all-3.4.3;com.taobao.arthas.core.util.ArrayUtilsTest.testToPrimitive;FeatureEnvy;method
arthas-arthas-all-3.4.3;com.taobao.arthas.core.util.ArthasCheckUtilsTest.testIsIn;FeatureEnvy;method
arthas-arthas-all-3.4.3;com.taobao.arthas.core.util.ArthasCheckUtilsTest.testIsEquals;FeatureEnvy;method
arthas-arthas-all-3.4.3;com.taobao.arthas.core.util.LongStackTest.test;FeatureEnvy;method
arthas-arthas-all-3.4.3;com.taobao.arthas.core.util.LongStackTest.test2;FeatureEnvy;method
arthas-arthas-all-3.4.3;com.taobao.arthas.core.util.LongStackTest.test3;FeatureEnvy;method
arthas-arthas-all-3.4.3;com.taobao.arthas.core.util.LongStackTest.test4;FeatureEnvy;method
arthas-arthas-all-3.4.3;com.taobao.arthas.core.util.LongStackTest.test5;FeatureEnvy;method
arthas-arthas-all-3.4.3;com.taobao.arthas.core.util.matcher.EqualsMatcherTest.testMatching;FeatureEnvy;method
arthas-arthas-all-3.4.3;com.taobao.arthas.core.util.matcher.RegexMatcherTest.testMatchingWithNullInputs;FeatureEnvy;method
arthas-arthas-all-3.4.3;com.taobao.arthas.core.util.matcher.RegexMatcherTest.testMatchingWithRegularGrammar;FeatureEnvy;method
arthas-arthas-all-3.4.3;com.taobao.arthas.core.util.matcher.RegexMatcherTest.testMatchingComplexRegex;FeatureEnvy;method
arthas-arthas-all-3.4.3;com.taobao.arthas.core.util.matcher.WildcardMatcherTest.testMatching;FeatureEnvy;method
arthas-arthas-all-3.4.3;com.taobao.arthas.core.util.StringUtilsTest.testHumanReadableByteCount;FeatureEnvy;method
arthas-arthas-all-3.4.3;com.taobao.arthas.core.util.StringUtilsTest.testCommaDelimitedListToStringArray;FeatureEnvy;method
arthas-arthas-all-3.4.3;com.taobao.arthas.core.util.StringUtilsTest.testContainsWhitespaceInputNotNullOutputTrue;FeatureEnvy;method
arthas-arthas-all-3.4.3;com.taobao.arthas.core.util.StringUtilsTest.testCountOccurrencesOf;FeatureEnvy;method
arthas-arthas-all-3.4.3;com.taobao.arthas.core.util.StringUtilsTest.testDeleteAny;FeatureEnvy;method
arthas-arthas-all-3.4.3;com.taobao.arthas.core.util.StringUtilsTest.testDelimitedListToStringArray;FeatureEnvy;method
arthas-arthas-all-3.4.3;com.taobao.arthas.core.util.StringUtilsTest.testDelimitedListToStringArray2;FeatureEnvy;method
arthas-arthas-all-3.4.3;com.taobao.arthas.core.util.StringUtilsTest.testEndsWithIgnoreCase;FeatureEnvy;method
arthas-arthas-all-3.4.3;com.taobao.arthas.core.util.StringUtilsTest.testHasLength;FeatureEnvy;method
arthas-arthas-all-3.4.3;com.taobao.arthas.core.util.StringUtilsTest.testHasText;FeatureEnvy;method
arthas-arthas-all-3.4.3;com.taobao.arthas.core.util.StringUtilsTest.testJoin;FeatureEnvy;method
arthas-arthas-all-3.4.3;com.taobao.arthas.core.util.StringUtilsTest.testNormalizeClassName;FeatureEnvy;method
arthas-arthas-all-3.4.3;com.taobao.arthas.core.util.StringUtilsTest.testRepeat;FeatureEnvy;method
arthas-arthas-all-3.4.3;com.taobao.arthas.core.util.StringUtilsTest.testSplit;FeatureEnvy;method
arthas-arthas-all-3.4.3;com.taobao.arthas.core.util.StringUtilsTest.testStartsWith;FeatureEnvy;method
arthas-arthas-all-3.4.3;com.taobao.arthas.core.util.StringUtilsTest.testStripEnd;FeatureEnvy;method
arthas-arthas-all-3.4.3;com.taobao.arthas.core.util.StringUtilsTest.testSubstringAfter;FeatureEnvy;method
arthas-arthas-all-3.4.3;com.taobao.arthas.core.util.StringUtilsTest.testSubstringAfterLast;FeatureEnvy;method
arthas-arthas-all-3.4.3;com.taobao.arthas.core.util.StringUtilsTest.testSubstringBefore;FeatureEnvy;method
arthas-arthas-all-3.4.3;com.taobao.arthas.core.util.StringUtilsTest.testSubstringBeforeLast;FeatureEnvy;method
arthas-arthas-all-3.4.3;com.taobao.arthas.core.util.StringUtilsTest.testSubstringMatch;FeatureEnvy;method
arthas-arthas-all-3.4.3;com.taobao.arthas.core.util.StringUtilsTest.testTokenizeToStringArray;FeatureEnvy;method
arthas-arthas-all-3.4.3;com.taobao.arthas.core.util.StringUtilsTest.testTrimAllWhitespace;FeatureEnvy;method
arthas-arthas-all-3.4.3;com.taobao.arthas.core.util.StringUtilsTest.testTrimLeadingCharacter;FeatureEnvy;method
arthas-arthas-all-3.4.3;com.taobao.arthas.core.util.StringUtilsTest.testTrimLeadingWhitespace;FeatureEnvy;method
arthas-arthas-all-3.4.3;com.taobao.arthas.core.util.StringUtilsTest.testTrimWhitespace;FeatureEnvy;method
arthas-arthas-all-3.4.3;com.taobao.arthas.core.util.StringUtilsTest.testWrap;FeatureEnvy;method
arthas-arthas-all-3.4.3;com.taobao.arthas.core.util.TokenUtilsTest.testFindFirstTextToken;FeatureEnvy;method
arthas-arthas-all-3.4.3;com.taobao.arthas.core.util.TokenUtilsTest.testFindLastTextToken;FeatureEnvy;method
arthas-arthas-all-3.4.3;com.taobao.arthas.core.util.TokenUtilsTest.testFindSecondTextToken;FeatureEnvy;method
arthas-arthas-all-3.4.3;com.taobao.arthas.core.util.TypeRenderUtilsTest.testDrawParametersForMethod;FeatureEnvy;method
arthas-arthas-all-3.4.3;com.alibaba.arthas.Test.main;FeatureEnvy;method
arthas-arthas-all-3.4.3;com.alibaba.arthas.tunnel.server.TunnelSocketFrameHandler.connectArthas;FeatureEnvy;method
